ID_atlet,ID_pertandingan,medali
1893,1,emas
1030,1,emas
474,1,emas
4641,1,emas
2673,1,perak
4401,1,perak
2139,1,perak
1412,1,perak
4013,1,perunggu
1514,1,perunggu
502,1,perunggu
1297,1,perunggu
3358,1,#4
2243,1,#4
1409,1,#4
4811,1,#4
2950,1,#5
4243,1,#5
996,1,#5
3183,1,#5
1367,1,#6
3157,1,#6
3695,1,#6
62,1,#6
1999,1,#7
710,1,#7
3766,1,#7
1094,1,#7
3469,1,#8
4614,1,#8
1991,1,#8
4741,1,#8
2913,2,emas
1151,2,emas
4179,2,emas
4258,2,emas
4539,2,perak
3953,2,perak
2130,2,perak
1560,2,perak
989,2,perunggu
861,2,perunggu
1598,2,perunggu
3791,2,perunggu
3168,2,#4
2267,2,#4
2201,2,#4
3577,2,#4
185,2,#5
2863,2,#5
412,2,#5
2515,2,#5
4805,2,#6
3211,2,#6
2016,2,#6
2579,2,#6
1038,2,#7
4383,2,#7
201,2,#7
2840,2,#7
2907,2,#8
3311,2,#8
2455,2,#8
1702,2,#8
1924,3,emas
4638,3,emas
4640,3,emas
529,3,perak
4365,3,perak
1925,3,perak
3137,3,perunggu
584,3,perunggu
25,3,perunggu
4615,3,#4
4806,3,#4
4675,3,#4
1014,3,#5
3690,3,#5
4302,3,#5
1341,3,#6
3065,3,#6
165,3,#6
4812,3,#7
818,3,#7
4736,3,#7
4284,3,#8
2181,3,#8
1436,3,#8
3970,3,#9
2088,3,#9
357,3,#9
892,3,#9
4434,3,#9
186,3,#9
1757,3,#9
194,3,#9
969,3,#9
3027,3,#9
681,3,#9
725,3,#9
1718,4,emas
4124,4,emas
4248,4,emas
3703,4,perak
1986,4,perak
4656,4,perak
376,4,perunggu
142,4,perunggu
319,4,perunggu
3712,4,#4
1447,4,#4
2506,4,#4
4704,4,#5
817,4,#5
4482,4,#5
2260,4,#6
3166,4,#6
785,4,#6
1020,4,#7
4263,4,#7
3787,4,#7
388,4,#8
594,4,#8
993,4,#8
2604,4,#9
290,4,#9
733,4,#9
3644,4,#9
3099,4,#9
686,4,#9
4259,4,#9
3493,4,#9
450,4,#9
749,4,#9
739,4,#9
1948,4,#9
920,5,emas
2296,5,emas
4105,5,emas
4283,5,emas
4612,5,emas
4678,5,perak
3884,5,perak
632,5,perak
2005,5,perak
477,5,perunggu
3612,5,perunggu
669,5,perunggu
4229,5,perunggu
1424,5,perunggu
2035,5,#4
1637,5,#4
1878,5,#4
2730,5,#4
3076,5,#4
3360,5,#5
1762,5,#5
1748,5,#5
3719,5,#5
3512,5,#5
4765,5,#6
3403,5,#6
2641,5,#6
2936,5,#6
718,5,#6
3038,5,#7
2662,5,#7
1393,5,#7
3477,5,#7
4272,5,#7
4784,5,#8
3781,5,#8
1353,5,#8
4628,5,#8
3943,5,#8
1359,5,
52,5,
1732,5,
1235,5,
98,5,
2635,5,
2973,5,
1961,5,
742,5,
3372,5,
4356,5,
3419,5,
2041,5,
3753,5,
3591,5,
2716,5,
3459,5,
4399,5,
344,5,
4146,6,emas
1866,6,emas
2077,6,emas
4253,6,emas
1678,6,emas
372,6,perak
231,6,perak
2817,6,perak
1150,6,perak
1518,6,perak
3756,6,perunggu
1865,6,perunggu
2645,6,perunggu
1382,6,perunggu
2150,6,perunggu
549,6,#4
3876,6,#4
1480,6,#4
233,6,#4
37,6,#4
1181,6,#5
744,6,#5
4076,6,#5
505,6,#5
499,6,#5
1706,6,#6
4775,6,#6
3704,6,#6
4708,6,#6
4686,6,#6
311,6,#7
2580,6,#7
274,6,#7
3902,6,#7
347,6,#7
3811,6,#8
1640,6,#8
2810,6,#8
2387,6,#8
2931,6,
3113,6,
889,6,
3274,6,
3210,6,
4413,6,
3961,6,
3336,6,
2575,6,
3965,6,
1048,6,
4768,6,
986,6,
4175,6,
4053,6,
2257,6,
1222,6,
3877,6,
650,6,
1212,6,
1625,7,emas
4734,7,emas
863,7,emas
2619,7,emas
3700,7,emas
606,7,emas
4684,7,emas
4695,7,emas
385,7,perak
1875,7,perak
3103,7,perak
2300,7,perak
495,7,perak
1847,7,perak
950,7,perak
3878,7,perak
4489,7,perunggu
2927,7,perunggu
2584,7,perunggu
3135,7,perunggu
250,7,perunggu
3622,7,perunggu
1797,7,perunggu
619,7,perunggu
2453,7,#4
322,7,#4
288,7,#4
2494,7,#4
3848,7,#4
1305,7,#4
795,7,#4
2504,7,#4
3238,7,#5
3239,7,#5
4509,7,#5
4453,7,#5
516,7,#5
293,7,#5
3004,7,#5
3104,7,#5
4026,7,#6
496,7,#6
2074,7,#6
3743,7,#6
2332,7,#6
867,7,#6
1861,7,#6
1387,7,#6
3769,7,#7
2960,7,#7
3491,7,#7
1829,7,#7
2019,7,#7
2707,7,#7
1972,7,#7
3580,7,#7
2592,7,#8
2969,7,#8
4165,7,#8
1240,7,#8
2695,7,#8
1824,7,#8
1534,7,#8
1404,7,#8
736,7,#9
1479,7,#9
3742,7,#9
2358,7,#9
2870,7,#9
323,7,#9
4819,7,#9
3194,7,#9
1333,7,#10
2898,7,#10
3316,7,#10
294,7,#10
1613,7,#10
3919,7,#10
4177,7,#10
3362,7,#10
1282,8,emas
2573,8,emas
1819,8,emas
1357,8,emas
4544,8,perak
4077,8,perak
684,8,perak
2292,8,perak
2524,8,perunggu
179,8,perunggu
285,8,perunggu
188,8,#4
1661,8,#4
2071,8,#4
3335,8,#4
3771,8,#5
2177,8,#5
4791,8,#5
4234,8,#5
2665,8,#6
1502,8,#6
1110,8,#6
234,8,#6
2798,8,#7
2196,8,#7
2244,8,#7
241,8,#7
3289,8,
2652,8,
1328,8,
280,8,
853,8,
4185,8,
4361,8,
4087,8,
1250,8,
3192,8,
3823,8,
321,8,
3942,8,
1169,8,
1741,8,
3594,8,
777,8,
1532,8,
2602,8,
4691,8,
4616,8,
1918,8,
260,8,
3710,8,
977,8,
4549,8,
637,8,
3133,8,
1929,8,
226,8,
2826,8,
1124,8,
3517,8,
4337,8,
957,8,
2997,8,
266,9,emas
2886,9,emas
657,9,perak
1541,9,perak
1940,9,perunggu
3790,9,perunggu
771,9,#4
2366,9,#4
1314,9,#5
139,9,#5
3795,9,#5
3005,9,#6
430,9,#6
692,9,#7
4592,9,#7
3002,9,#8
2436,9,#8
3175,9,#9
911,9,#9
852,9,#10
4017,9,#10
501,9,#11
882,9,#11
3012,9,#12
3949,9,#12
2295,9,#13
515,9,#13
4651,9,#14
4102,9,#14
2176,9,#15
1993,9,#15
2773,9,#16
3522,9,#16
1830,9,#17
2739,9,#17
1055,9,#18
1608,9,#18
770,9,#19
2488,9,#19
1298,9,#20
3533,9,#20
568,9,#21
3821,9,#21
992,9,#22
3759,9,#22
3094,9,#23
520,9,#23
1160,9,
4583,9,
4255,9,
3693,9,
3,10,emas
1962,10,emas
654,10,emas
333,10,emas
544,10,perak
4092,10,perak
645,10,perak
109,10,perak
1954,10,perunggu
2648,10,perunggu
3373,10,perunggu
4801,10,perunggu
3042,10,#4
2465,10,#4
2642,10,#4
1375,10,#4
3896,10,#5
21,10,#5
4724,10,#5
2390,10,#5
3171,10,#6
1933,10,#6
3892,10,#6
3572,10,#6
4804,10,#8
4803,10,#8
1597,10,#8
1989,10,#8
837,10,
2325,10,
2447,10,
1421,10,
2107,10,
3838,10,
1851,10,
2450,10,
696,10,
4040,10,
42,10,
1937,10,
3499,10,
2377,10,
1938,10,
2286,10,
120,10,
1338,10,
1543,10,
4506,10,
1007,10,
3570,10,
2669,10,
2109,10,
2338,10,
4683,10,
3549,10,
1182,10,
4317,10,
3488,10,
4646,10,
1349,10,
3635,10,
1253,10,
3777,10,
1444,10,
2099,10,
1233,10,
1834,10,
2057,10,
110,10,
2101,10,
573,10,
1802,10,
1734,10,
22,10,
850,11,emas
4544,11,emas
684,11,emas
3732,11,emas
545,11,perak
688,11,perak
421,11,perak
2563,11,perak
179,11,perunggu
3055,11,perunggu
2566,11,perunggu
778,11,perunggu
2071,11,#4
1090,11,#4
2336,11,#4
1388,11,#4
1461,11,#5
4790,11,#5
2738,11,#5
433,11,#5
4756,11,#6
2216,11,#6
1434,11,#6
2328,11,#6
2665,11,#7
4597,11,#7
1110,11,#7
167,11,#7
3603,11,#8
2324,11,#8
773,11,#8
3307,11,#8
3289,11,#9
1511,11,#9
4323,11,#9
1328,11,#9
1077,11,
1316,11,
3942,11,
1741,11,
815,11,
1825,11,
2172,11,
1773,11,
972,11,
2824,11,
3560,11,
2671,11,
1071,11,
3017,11,
1871,11,
2683,11,
1142,11,
1870,11,
4074,11,
3786,11,
1952,11,
2219,11,
3608,11,
2849,11,
942,11,
2798,11,
2244,11,
1192,11,
1929,11,
1323,11,
2833,11,
4494,11,
2826,11,
2155,11,
299,11,
3736,11,
3967,11,
3291,11,
3292,11,
3118,12,emas
4488,12,emas
1456,12,emas
4069,12,emas
1036,12,perak
1768,12,perak
303,12,perak
967,12,perak
196,12,perunggu
2609,12,perunggu
1513,12,perunggu
3764,12,perunggu
3553,12,#4
1472,12,#4
1663,12,#4
827,12,#4
124,12,#5
2321,12,#5
4015,12,#5
4375,12,#5
3904,12,#6
1860,12,#6
2905,12,#6
497,12,#6
1809,12,#7
2919,12,#7
3214,12,#7
4303,12,#7
3923,12,
3989,12,
2556,12,
3294,12,
455,12,
4792,12,
1542,12,
925,12,
171,12,
1907,12,
1158,12,
1001,12,
3740,12,
3741,12,
2933,12,
3300,12,
1977,12,
2742,12,
2910,12,
4621,12,
3862,12,
2189,12,
4395,12,
1337,12,
3510,12,
3167,12,
2528,12,
3944,12,
4173,12,
113,12,
1874,12,
3618,12,
4178,12,
1273,12,
2880,12,
3623,12,
1167,12,
2418,12,
1099,12,
4468,12,
652,12,
153,12,
2760,12,
2762,12,
1315,12,
2432,12,
4077,13,emas
4261,13,emas
1456,13,emas
216,13,emas
2573,13,perak
754,13,perak
2615,13,perak
1357,13,perak
4566,13,perunggu
2524,13,perunggu
3427,13,perunggu
285,13,perunggu
4185,13,#4
3788,13,#4
3666,13,#4
4087,13,#4
4199,13,#5
4079,13,#5
280,13,#5
2652,13,#5
4820,13,#6
4024,13,#6
2444,13,#6
2511,13,#6
3335,13,#7
1770,13,#7
1620,13,#7
1661,13,#7
4203,13,
355,13,
4098,13,
4234,13,
727,13,
531,13,
617,13,
1296,13,
588,13,
2198,13,
3575,13,
3688,13,
4584,13,
4246,13,
3861,13,
921,13,
3907,13,
3868,13,
3119,13,
2617,13,
2732,13,
1124,13,
2608,13,
3269,13,
4159,13,
226,13,
151,13,
3341,13,
328,13,
2921,13,
2196,13,
241,13,
417,13,
4691,13,
760,13,
3922,13,
2149,13,
1532,13,
2543,13,
1754,13,
160,13,
3757,13,
1336,13,
234,13,
402,13,
1502,13,
2098,13,
488,13,
275,13,
1667,13,
2597,13,
1157,13,
4228,14,emas
420,14,emas
2532,14,emas
2337,14,emas
1010,14,emas
4495,14,emas
1922,14,emas
2040,14,emas
2122,14,emas
527,14,emas
419,14,emas
1013,14,emas
1417,14,perak
3406,14,perak
359,14,perak
1572,14,perak
1815,14,perak
1299,14,perak
3327,14,perak
3020,14,perak
3880,14,perak
4560,14,perak
3060,14,perak
599,14,perak
4504,14,perunggu
1368,14,perunggu
3446,14,perunggu
628,14,perunggu
4527,14,perunggu
3505,14,perunggu
3445,14,perunggu
4532,14,perunggu
2953,14,perunggu
994,14,perunggu
146,14,perunggu
3449,14,perunggu
1801,14,#4
3558,14,#4
2831,14,#4
3429,14,#4
3400,14,#4
2051,14,#4
1419,14,#4
943,14,#4
3279,14,#4
1008,14,#4
2049,14,#4
341,14,#4
2700,14,#5
3401,14,#5
4073,14,#5
3123,14,#5
1883,14,#5
1088,14,#5
4474,14,#5
3822,14,#5
2314,14,#5
363,14,#5
1029,14,#5
2353,14,#5
1096,14,#6
2104,14,#6
3609,14,#6
2105,14,#6
2036,14,#6
3048,14,#6
955,14,#6
2033,14,#6
3381,14,#6
1841,14,#6
4625,14,#6
1084,14,#6
4671,14,#7
908,14,#7
1021,14,#7
4585,14,#7
2843,14,#7
1573,14,#7
2550,14,#7
3748,14,#7
1484,14,#7
2024,14,#7
678,14,#7
2672,14,#7
4374,14,#8
1508,14,#8
1035,14,#8
4531,14,#8
3395,14,#8
3584,14,#8
1485,14,#8
4535,14,#8
2403,14,#8
3458,14,#8
1507,14,#8
2400,14,#8
717,14,#9
439,14,#9
2352,14,#9
687,14,#9
2434,14,#9
4619,14,#9
2123,14,#9
2897,14,#9
441,14,#9
2791,14,#9
3657,14,#9
4252,14,#9
2639,14,#10
1876,14,#10
3879,14,#10
4642,14,#10
3968,14,#10
961,14,#10
133,14,#10
2132,14,#10
4631,14,#10
4507,14,#10
4062,14,#10
4759,14,#11
4282,14,#11
4757,14,#11
2794,14,#11
2210,14,#11
3881,14,#11
4778,14,#11
4744,14,#11
2110,14,#11
2308,14,#11
1709,14,#11
1689,14,#11
1816,14,#12
1476,14,#12
2079,14,#12
984,14,#12
2093,14,#12
4231,14,#12
138,14,#12
1501,14,#12
1822,14,#12
854,14,#12
462,14,#12
4472,14,#12
1981,15,emas
2318,15,emas
3901,15,emas
2205,15,emas
801,15,emas
1,15,emas
651,15,emas
3337,15,emas
1019,15,emas
1862,15,emas
270,15,emas
667,15,emas
2932,15,perak
213,15,perak
4000,15,perak
4522,15,perak
1759,15,perak
1905,15,perak
1062,15,perak
1438,15,perak
2916,15,perak
2934,15,perak
2539,15,perak
3846,15,perak
1867,15,perunggu
2427,15,perunggu
4226,15,perunggu
4333,15,perunggu
127,15,perunggu
1318,15,perunggu
2902,15,perunggu
761,15,perunggu
1823,15,perunggu
2514,15,perunggu
3933,15,perunggu
1159,15,#4
432,15,#4
2507,15,#4
1221,15,#4
2439,15,#4
592,15,#4
550,15,#4
3087,15,#4
602,15,#4
2164,15,#4
1779,15,#4
2941,15,#5
2492,15,#5
129,15,#5
2871,15,#5
3708,15,#5
2561,15,#5
2557,15,#5
2874,15,#5
340,15,#5
3098,15,#5
3619,15,#5
2875,15,#5
1833,15,#6
4014,15,#6
3375,15,#6
4780,15,#6
1072,15,#6
2119,15,#6
2998,15,#6
374,15,#6
4406,15,#6
3206,15,#6
3315,15,#6
4021,15,#7
218,15,#7
204,15,#7
3494,15,#7
2909,15,#7
2554,15,#7
2706,15,#7
244,15,#7
1433,15,#7
1199,15,#7
2589,15,#7
3850,15,#7
305,15,#8
3579,15,#8
1162,15,#8
3508,15,#8
2510,15,#8
1743,15,#8
3694,15,#8
3302,15,#8
624,15,#8
1319,15,#8
50,15,#8
3420,15,#8
4740,15,#9
4156,15,#9
4459,15,#9
2621,15,#9
4119,15,#9
3127,15,#9
3872,15,#9
4125,15,#9
4665,15,#9
3131,15,#9
4747,15,#9
4667,15,#9
4318,15,#10
659,15,#10
3581,15,#10
2895,15,#10
221,15,#10
4168,15,#10
3309,15,#10
449,15,#10
4477,15,#10
1818,15,#10
1776,15,#10
1845,15,#10
4094,15,#11
3935,15,#11
2357,15,#11
661,15,#11
746,15,#11
4781,15,#11
3345,15,#11
4264,15,#11
2287,15,#11
2454,15,#11
3470,15,#11
2,15,#11
4225,15,#12
2793,15,#12
476,15,#12
3882,15,#12
3323,15,#12
2779,15,#12
3909,15,#12
1312,15,#12
3976,15,#12
4758,15,#12
3325,15,#12
1683,15,#12
3074,16,emas
3072,16,emas
1853,16,emas
4436,16,emas
3809,16,perak
3678,16,perak
1848,16,perak
3473,16,perak
4022,16,perunggu
719,16,perunggu
2860,16,perunggu
3834,16,perunggu
3514,16,#4
1046,16,#4
1751,16,#4
1832,16,#4
4145,16,#5
3209,16,#5
1747,16,#5
473,16,#5
331,16,#6
2956,16,#6
2951,16,#6
4600,16,#6
566,16,#7
2392,16,#7
1828,16,#7
3948,16,#7
3067,16,#8
1562,16,#8
2437,16,#8
1604,16,#8
3390,16,#9
3677,16,#9
2519,16,#9
4141,16,#9
4558,16,#10
2480,16,#10
3281,16,#10
2771,16,#10
4411,16,#11
890,16,#11
1064,16,#11
4705,16,#11
2605,17,emas
238,17,emas
3530,17,emas
4300,17,emas
3626,17,perak
2138,17,perak
3629,17,perak
3991,17,perak
3480,17,perunggu
3983,17,perunggu
4291,17,perunggu
242,17,perunggu
2245,17,#4
403,17,#4
73,17,#4
1059,17,#4
1066,17,#5
3128,17,#5
3324,17,#5
4748,17,#5
3987,17,#6
1268,17,#6
730,17,#6
4328,17,#6
2893,17,#7
397,17,#7
1653,17,#7
2423,17,#7
1166,17,#8
268,17,#8
197,17,#8
4673,17,#8
327,17,#9
3198,17,#9
2918,17,#9
1083,17,#9
905,17,#10
3346,17,#10
3810,17,#10
4470,17,#10
3524,18,emas
3931,18,emas
893,18,emas
2310,18,emas
1278,18,perak
933,18,perak
784,18,perak
1279,18,perak
3528,18,perak
4147,18,perunggu
1372,18,perunggu
1408,18,perunggu
2070,18,perunggu
3439,18,#4
713,18,#4
3747,18,#4
6,18,#5
2302,18,#5
4439,18,#5
707,18,#5
4363,18,#6
577,18,#6
4366,18,#6
4515,18,#6
1089,18,#7
3019,18,#7
3146,18,#7
738,18,#7
2594,18,#8
1327,18,#8
4487,18,#8
3474,18,#8
4394,18,#9
1127,18,#10
4104,18,#10
3871,19,emas
1632,19,emas
1935,19,emas
1102,19,perak
1605,19,perak
1836,19,perak
3050,19,perunggu
2537,19,perunggu
3058,19,perunggu
1392,19,#4
4042,19,#4
3750,19,#4
4726,19,#5
2218,19,#5
4777,19,#5
3434,19,#6
2666,19,#6
3083,19,#6
4210,19,#6
4113,19,#7
4739,19,#7
3696,19,#7
4492,19,#8
3399,19,#8
1886,19,#8
1949,20,emas
2587,20,emas
826,20,emas
2410,20,emas
257,20,perak
685,20,perak
1208,20,perak
3424,20,perak
1146,20,perunggu
2113,20,perunggu
400,20,perunggu
1969,20,perunggu
811,20,#4
4588,20,#4
1148,20,#4
2983,20,#4
2562,20,#4
869,20,#5
4518,20,#5
2939,20,#5
2911,20,#5
4556,20,#5
1420,20,#6
2606,20,#6
3174,20,#6
2540,20,#6
2503,20,#6
200,20,#7
4187,20,#7
829,20,#7
2757,20,#7
1478,20,#7
2765,20,#8
4006,20,#8
1258,20,#8
453,20,#8
3139,20,#9
2313,20,#9
4764,20,#10
3237,20,#10
2284,21,emas
4186,21,emas
1215,21,emas
3761,21,perak
4070,21,perak
1174,21,perak
3632,21,perunggu
1217,21,perunggu
2527,21,perunggu
2446,21,#4
1677,21,#4
4214,21,#4
1970,21,#5
4761,21,#5
2735,21,#5
4749,21,#6
4085,21,#6
2622,21,#6
2962,21,#7
4505,21,#7
3450,21,#7
4002,21,#8
2317,21,#8
2521,21,#8
1973,22,emas
1810,22,perak
792,22,perunggu
1039,22,#4
759,22,#5
714,22,#6
931,22,#7
551,22,#8
3329,22,#9
1806,22,#10
1234,22,#11
1218,22,#12
1423,22,#13
3606,22,#14
3951,22,#15
3628,22,#16
4565,22,#17
4351,22,#18
1385,22,#19
76,22,#20
1624,22,#21
1052,22,#22
2474,22,#23
3417,22,#24
2171,22,#25
1391,22,#26
2174,22,#27
638,22,#28
900,22,#29
1666,22,#30
205,22,#31
4150,22,#32
2028,22,#33
4729,22,#34
4629,22,#35
880,22,#36
36,22,#37
2190,22,#38
1921,22,#39
3117,22,#40
3322,22,#41
4702,22,#42
703,22,#43
3820,22,#44
4211,22,#45
3598,22,#46
437,22,#47
2251,22,#48
834,22,#49
2872,22,#50
4213,22,#51
440,22,#52
249,22,#53
2021,22,#54
365,22,#55
3643,22,#56
4782,22,#57
155,22,#58
2124,22,#59
2858,22,
1423,23,emas
1810,23,emas
1973,23,emas
4181,23,emas
931,23,perak
3329,23,perak
759,23,perak
3319,23,perak
551,23,perunggu
714,23,perunggu
792,23,perunggu
1624,23,#4
1234,23,#4
1039,23,#4
1117,23,#4
900,23,#5
205,23,#5
3628,23,#5
410,23,#5
2171,23,#6
4351,23,#6
3606,23,#6
2894,23,#6
1666,23,#7
2021,23,#7
1218,23,#7
1154,23,#7
4211,23,#8
1391,23,#8
4565,23,#8
842,23,#8
1921,23,#9
4629,23,#9
4150,23,#9
2994,23,#9
1052,23,#10
2474,23,#10
1385,23,#10
790,23,#10
3322,23,#11
834,23,#11
703,23,#11
1997,23,#11
437,23,#12
2872,23,#12
3820,23,#12
2026,23,#12
880,23,#13
2124,23,#13
638,23,#13
2251,23,#14
3951,23,#14
155,23,#14
2858,23,
76,23,
4213,23,
1237,23,
3148,24,emas
851,24,perak
4438,24,#4
2297,24,#5
4393,24,#6
4723,24,#7
1356,24,#8
1912,24,#9
642,24,#10
2145,24,#11
1430,24,#12
2470,24,#13
4220,24,#14
2234,24,#15
2236,24,#16
504,24,#17
878,24,#18
1156,24,#19
4081,24,#20
3858,24,#21
1310,24,#22
180,24,#23
2653,24,#24
3416,24,#25
3722,24,#26
3725,24,#27
4407,24,#28
3122,24,#29
3828,24,#30
4256,24,#31
2240,24,#32
4169,24,#33
1627,24,#34
3186,24,#35
4538,24,#36
735,24,#37
1967,24,#38
2803,24,#39
2072,24,#40
525,24,#41
3654,24,#42
192,24,#43
2850,24,#44
3483,24,#45
1523,24,#46
3963,24,#47
3824,24,#48
1267,24,#49
3222,24,#50
3413,24,#51
3993,24,
724,24,
3899,24,
721,24,
3959,24,
2339,24,
3853,24,
849,24,
1897,24,
2823,24,
3204,24,
1705,24,
1197,24,
3888,24,
443,24,
4097,24,
3680,24,
4469,24,
4622,24,
3858,25,emas
4438,25,emas
2487,25,emas
3416,25,perak
2234,25,perak
4220,25,perak
4469,25,perunggu
2297,25,perunggu
4723,25,perunggu
3899,25,perunggu
4407,25,#4
2236,25,#4
2470,25,#4
3122,25,#5
3828,25,#5
1356,25,#5
4169,25,#6
2653,25,#6
1430,25,#6
735,25,#7
1156,25,#7
642,25,#7
2072,25,#8
878,25,#8
4393,25,#8
443,25,#9
4256,25,#9
504,25,#9
3993,25,#9
3963,25,#10
3722,25,#10
1912,25,#10
1967,25,#11
3186,25,#11
2240,25,#11
3888,25,#12
2850,25,#12
3725,25,#12
724,25,#12
3680,25,#13
1523,25,#13
1310,25,#13
1197,25,#13
849,25,#14
2145,25,#14
3148,25,#14
4097,25,#15
4081,25,#15
851,25,#15
2339,25,#15
4622,25,#16
3824,25,#16
2803,25,#16
1897,25,#16
839,26,emas
4236,26,perak
2785,26,perunggu
2165,26,#4
4219,26,#5
4030,26,#6
3071,26,#7
2496,26,#8
560,26,#9
2976,26,#10
3738,26,#11
3667,26,#12
26,26,#13
1633,26,#14
1564,26,#15
2238,26,#16
4137,26,#17
2935,26,#18
3538,26,#19
1512,26,#20
1188,26,#21
4083,26,#22
2363,26,#23
4564,26,#24
2096,26,#25
356,26,#26
1669,26,#26
3836,26,#26
936,26,#26
4288,26,#26
1636,26,#31
3841,26,#32
860,26,#33
3095,26,#34
1963,26,#35
2263,26,#36
1263,26,#37
3535,26,#38
1821,26,#39
1285,26,#40
343,26,#41
3830,26,#42
3639,26,#43
1682,26,#44
1111,26,#45
2349,26,#46
1119,26,#47
1076,26,#48
4382,26,#50
4341,26,#51
44,26,#52
985,26,#53
4281,26,#54
3799,26,#55
2409,26,#56
1790,26,#57
2799,26,#58
1491,26,#59
4059,26,#60
3918,26,#61
4772,26,#62
2705,26,#63
1812,26,#64
84,26,#65
3782,26,#66
1903,26,
1114,26,
3308,26,
934,26,
1123,26,
366,26,
23,26,
301,26,
560,27,emas
1636,27,emas
4030,27,emas
2102,27,emas
2496,27,perak
2238,27,perak
3095,27,perak
2326,27,perak
4137,27,perunggu
3535,27,perunggu
2165,27,perunggu
2342,27,perunggu
2785,27,#4
2363,27,#4
1633,27,#4
4626,27,#4
839,27,#5
3799,27,#5
3667,27,#5
1902,27,#5
1669,27,#6
3841,27,#6
3639,27,#6
2805,27,#6
4083,27,#7
936,27,#7
860,27,#7
4632,27,#8
1512,27,#8
1963,27,#8
1564,27,#8
478,27,#9
3830,27,#9
934,27,#9
1812,27,#9
723,27,#10
1285,27,#10
1114,27,#11
1821,27,#11
4059,27,#11
461,27,#11
3686,27,#12
4236,27,#12
2976,27,#12
1111,27,#12
2263,27,#13
1491,27,#13
3071,27,#13
847,27,#13
304,27,#14
2935,27,#14
1263,27,#14
4382,27,#14
1682,27,#15
4341,27,#15
1119,27,#15
286,27,#15
4281,27,#16
4288,27,#16
1123,27,#16
3185,27,#16
44,27,#17
985,27,#17
2799,27,#17
222,27,#18
3538,27,#18
23,27,#18
3918,27,#18
2349,27,#19
26,27,#19
3738,27,#19
24,27,#19
3642,27,
4219,27,
3836,27,
4772,27,
4380,28,emas
3008,28,emas
976,28,emas
1492,28,emas
2388,28,perak
114,28,perak
2299,28,perak
3000,28,perak
2011,28,perunggu
3155,28,perunggu
1880,28,perunggu
2978,28,perunggu
3611,28,#4
4682,28,#4
3842,28,#4
2701,28,#4
1452,28,#5
980,28,#5
339,28,#5
1343,28,#5
1178,28,#6
3886,28,#6
4701,28,#6
4511,28,#6
1410,28,#7
1978,28,#7
3874,28,#7
1550,28,#7
2775,28,#8
3248,28,#8
2776,28,#8
3261,28,#8
2294,29,emas
2443,29,emas
4745,29,emas
4285,29,emas
1579,29,perak
173,29,perak
1373,29,perak
4451,29,perak
3084,29,perunggu
1244,29,perunggu
2166,29,perunggu
3079,29,perunggu
3195,29,#4
3396,29,#4
191,29,#4
1490,29,#4
1599,29,#5
4814,29,#5
603,29,#5
1994,29,#5
1895,29,#6
368,29,#6
3156,29,#6
68,29,#6
613,29,#7
939,29,#7
630,29,#7
3085,29,#7
119,29,#8
3249,29,#8
3251,29,#8
16,29,#8
1593,30,emas
636,30,emas
3956,30,emas
3957,30,emas
915,30,perak
2429,30,perak
332,30,perak
466,30,perak
635,30,perunggu
1932,30,perunggu
4041,30,perunggu
3080,30,perunggu
1335,30,#4
3262,30,#4
224,30,#4
3263,30,#4
2661,30,#5
3160,30,#5
2702,30,#5
3681,30,#5
3244,30,#6
4807,30,#6
4692,30,#6
53,30,#6
1137,30,#7
1366,30,#7
888,30,#7
3229,30,#7
1332,30,#8
1413,30,#8
3534,30,#8
4091,30,#8
3864,31,emas
2832,31,emas
1531,31,emas
131,31,emas
2908,31,perak
199,31,perak
503,31,perak
899,31,perak
152,31,perunggu
240,31,perunggu
3780,31,perunggu
2990,31,perunggu
4716,31,#4
2182,31,#4
3490,31,#4
4123,31,#4
1783,31,#5
4728,31,#5
1724,31,#5
4055,31,#5
1097,31,#6
4595,31,#6
3520,31,#6
962,31,#6
406,31,#7
2868,31,#7
2266,31,#7
1595,31,#7
3338,31,#8
4109,31,#8
510,31,#8
2654,31,#8
1859,32,emas
2534,32,emas
2517,32,emas
2781,32,emas
456,32,perak
2982,32,perak
1403,32,perak
235,32,perak
4054,32,perunggu
2393,32,perunggu
2237,32,perunggu
4754,32,perunggu
1975,32,#4
1132,32,#4
4767,32,#4
386,32,#5
1293,32,#5
3631,32,#5
4732,32,#5
2988,32,#6
1614,32,#6
2991,32,#6
2152,32,#6
803,32,#7
3698,32,#7
1239,32,#7
4779,32,#7
3978,32,#8
4687,32,#8
2802,32,#8
3481,32,#8
4762,33,emas
3523,33,emas
245,33,emas
3519,33,emas
4043,33,perak
1287,33,perak
1649,33,perak
2013,33,perak
3225,33,perunggu
4100,33,perunggu
4064,33,perunggu
3817,33,perunggu
2819,33,#4
3979,33,#4
763,33,#4
4001,33,#4
2780,33,#5
4304,33,#5
2758,33,#5
1164,33,#5
4247,33,#6
399,33,#6
2623,33,#6
2667,33,#6
3159,33,#7
2981,33,#7
812,33,#7
1796,33,#7
772,33,#8
3977,33,#8
4821,33,#8
2230,33,#8
463,34,emas
2836,34,emas
2129,34,emas
1248,34,emas
3610,34,emas
3571,34,emas
1025,34,emas
563,34,emas
30,34,emas
176,34,emas
1360,34,emas
2062,34,emas
2018,34,emas
100,34,emas
3177,34,emas
61,34,emas
4061,34,emas
3938,34,emas
3498,34,perak
747,34,perak
75,34,perak
2626,34,perak
2361,34,perak
2821,34,perak
3150,34,perak
2767,34,perak
464,34,perak
208,34,perak
1012,34,perak
1245,34,perak
2090,34,perak
1931,34,perak
644,34,perak
1581,34,perak
4198,34,perak
3749,34,perak
3297,34,perunggu
41,34,perunggu
116,34,perunggu
3105,34,perunggu
56,34,perunggu
574,34,perunggu
1140,34,perunggu
600,34,perunggu
4196,34,perunggu
1760,34,perunggu
4789,34,perunggu
3717,34,perunggu
4693,34,perunggu
3569,34,perunggu
3106,34,perunggu
13,34,perunggu
3568,34,perunggu
296,34,perunggu
1607,34,#4
3542,34,#4
90,34,#4
93,34,#4
1704,34,#4
3257,34,#4
2777,34,#4
4808,34,#4
3556,34,#4
1730,34,#4
3285,34,#4
95,34,#4
2233,34,#4
4816,34,#4
3259,34,#4
3260,34,#4
220,34,#4
3247,34,#4
601,34,#4
3250,34,#4
2546,34,#5
2217,34,#5
3898,34,#5
1687,34,#5
4046,34,#5
4194,34,#5
3801,34,#5
2039,34,#5
4111,34,#5
2389,34,#5
2830,34,#5
4278,34,#5
3895,34,#5
4116,34,#5
2405,34,#5
521,34,#5
4735,34,#5
2307,34,#5
1468,34,#6
122,34,#6
3854,34,#6
941,34,#6
1509,34,#6
2855,34,#6
2846,34,#6
1024,34,#6
2341,34,#6
4623,34,#6
1242,34,#6
3833,34,#6
215,34,#6
1321,34,#6
2173,34,#6
1362,34,#6
1589,34,#6
2847,34,#6
1497,34,#7
2852,34,#7
2175,34,#7
2029,34,#7
1317,34,#7
677,34,#7
2345,34,#7
907,34,#7
2153,34,#7
4352,34,#7
881,34,#7
2531,34,#7
1547,34,#7
3972,34,#7
1545,34,#7
3414,34,#7
1536,34,#7
2670,34,#7
3605,34,#8
3354,34,#8
4610,34,#8
3082,34,#8
2058,34,#8
1503,34,#8
2340,34,#8
4298,34,#8
1570,34,#8
4313,34,#8
3638,34,#8
3196,34,#8
1080,34,#8
1045,34,#8
575,34,#8
1840,34,#8
697,34,#8
1446,34,#8
1486,34,#9
1763,34,#9
3516,34,#9
2797,34,#9
4520,34,#9
3518,34,#9
3515,34,#9
3310,34,#9
1750,34,#9
2795,34,#9
2796,34,#9
2376,34,#9
4603,34,#9
958,34,#9
4602,34,#9
467,34,#9
3513,34,#9
1047,34,#9
1721,34,#10
2097,34,#10
1719,34,#10
4245,34,#10
94,34,#10
4787,34,#10
223,34,#10
1731,34,#10
1722,34,#10
4731,34,#10
3299,34,#10
2435,34,#10
2247,34,#10
2246,34,#10
3431,34,#10
3298,34,#10
3304,34,#10
518,34,#10
1720,34,#10
182,34,#11
3145,34,#11
3928,34,#11
4491,34,#11
1380,34,#11
2034,34,#11
3049,34,#11
561,34,#11
562,34,#11
4012,34,#11
1965,34,#11
2304,34,#11
2720,34,#11
1919,34,#11
3059,34,#11
1376,34,#11
2449,34,#11
3564,34,#11
2568,34,#11
1805,34,#11
4648,34,#12
1411,34,#12
2117,34,#12
1105,34,#12
2708,34,#12
1656,34,#12
3561,34,#12
371,34,#12
3727,34,#12
1106,34,#12
3655,34,#12
2027,34,#12
1241,34,#12
3540,34,#12
1324,34,#12
3366,34,#12
2094,34,#12
3486,34,#12
28,34,#13
3908,34,#13
20,34,#13
2356,34,#13
3290,34,#13
1738,34,#13
11,34,#13
3887,34,#13
2354,34,#13
1915,34,#13
3565,34,#13
4599,34,#13
4786,34,#13
1131,34,#13
4498,34,#13
475,34,#13
1042,34,#13
27,34,#13
1737,34,#13
2482,34,#14
1402,34,#14
1603,34,#14
2809,34,#14
1736,34,#14
887,34,#14
4633,34,#14
641,34,#14
800,34,#14
3916,34,#14
4355,34,#14
1827,34,#14
648,34,#14
1002,34,#14
3245,34,#14
3566,34,#14
92,34,#14
3287,34,#14
3543,34,#15
1756,34,#15
4034,34,#15
4208,34,#15
3869,34,#15
3544,34,#15
3562,34,#15
1280,34,#15
1067,34,#15
3559,34,#15
2576,34,#15
3475,34,#15
1130,34,#15
513,34,#15
55,34,#15
3550,34,#15
1739,34,#15
3471,34,#15
3870,34,#15
4197,34,#16
3314,34,#16
528,34,#16
3258,34,#16
3752,34,#16
272,34,#16
248,34,#16
3313,34,#16
1670,34,#16
3275,34,#16
3567,34,#16
219,34,#16
2754,34,#16
271,34,#16
1826,34,#16
3282,34,#16
18,34,#16
4048,34,#16
806,34,#16
269,35,emas
1203,35,emas
2401,35,emas
3334,35,emas
4476,35,emas
740,35,emas
914,35,emas
2736,35,emas
2806,35,emas
2595,35,emas
4183,35,emas
4381,35,emas
1943,35,emas
1209,35,emas
1872,35,emas
3860,35,emas
3932,35,emas
741,35,emas
913,35,emas
2637,35,perak
431,35,perak
4301,35,perak
3731,35,perak
1079,35,perak
4296,35,perak
2333,35,perak
4587,35,perak
69,35,perak
1982,35,perak
4276,35,perak
4689,35,perak
2698,35,perak
4339,35,perak
1439,35,perak
320,35,perak
1440,35,perak
377,35,perak
3136,35,perunggu
4008,35,perunggu
2270,35,perunggu
597,35,perunggu
2928,35,perunggu
1908,35,perunggu
2526,35,perunggu
4260,35,perunggu
4158,35,perunggu
2491,35,perunggu
202,35,perunggu
389,35,perunggu
3982,35,perunggu
1153,35,perunggu
1529,35,perunggu
2137,35,perunggu
2380,35,perunggu
4593,35,perunggu
3224,35,#4
3545,35,#4
4327,35,#4
1794,35,#4
3506,35,#4
107,35,#4
491,35,#4
2940,35,#4
3920,35,#4
1946,35,#4
214,35,#4
3595,35,#4
748,35,#4
2456,35,#4
1294,35,#4
2457,35,#4
2684,35,#4
3521,35,#4
512,35,#5
3816,35,#5
3240,35,#5
3910,35,#5
1610,35,#5
4428,35,#5
1685,35,#5
2360,35,#5
3807,35,#5
1435,35,#5
3208,35,#5
3268,35,#5
1681,35,#5
4751,35,#5
442,35,#5
1700,35,#5
2784,35,#5
821,35,#5
3776,35,#5
3233,35,#5
895,35,#6
2756,35,#6
4617,35,#6
1269,35,#6
1149,35,#6
283,35,#6
3913,35,#6
1554,35,#6
1284,35,#6
999,35,#6
2204,35,#6
2904,35,#6
4051,35,#6
3947,35,#6
2331,35,#6
3630,35,#6
3954,35,#6
1569,35,#6
1304,35,#6
2212,35,#7
1454,35,#7
2203,35,#7
1313,35,#7
3711,35,#7
886,35,#7
2142,35,#7
1920,35,#7
2085,35,#7
482,35,#7
72,35,#7
1868,35,#7
4134,35,#7
4526,35,#7
3384,35,#7
1909,35,#7
1976,35,#7
3900,35,#7
4096,35,#7
750,35,#8
2828,35,#8
944,35,#8
945,35,#8
4713,35,#8
947,35,#8
2827,35,#8
2842,35,#8
3092,35,#8
2536,35,#8
751,35,#8
2268,35,#8
1753,35,#8
373,35,#8
2570,35,#8
2087,35,#8
729,35,#8
2591,35,#8
3950,35,#8
2744,35,#9
3165,35,#9
2215,35,#9
874,35,#9
903,35,#9
2279,35,#9
4217,35,#9
2445,35,#9
695,35,#9
1210,35,#9
2993,35,#9
1176,35,#9
4295,35,#9
126,35,#9
873,35,#9
1647,35,#9
875,35,#9
4320,35,#9
4088,35,#9
396,35,#10
2258,35,#10
2745,35,#10
864,35,#10
3109,35,#10
2804,35,#10
3153,35,#10
2743,35,#10
1441,35,#10
1777,35,#10
2275,35,#10
4563,35,#10
3763,35,#10
2274,35,#10
256,35,#10
1863,35,#10
3200,35,#10
1555,35,#10
404,35,#10
4425,35,#11
3162,35,#11
3563,35,#11
3422,35,#11
816,35,#11
1274,35,#11
4460,35,#11
823,35,#11
856,35,#11
1945,35,#11
4496,35,#11
990,35,#11
623,35,#11
3745,35,#11
810,35,#11
824,35,#11
1742,35,#11
757,35,#12
1016,35,#12
2734,35,#12
1275,35,#12
3634,35,#12
3789,35,#12
3227,35,#12
3500,35,#12
2200,35,#12
1551,35,#12
534,35,#12
507,35,#12
2972,35,#12
3691,35,#12
1664,35,#12
1272,35,#12
3377,35,#12
2996,35,#12
3438,36,emas
3402,36,emas
2769,36,emas
1194,36,emas
3746,36,emas
1195,36,emas
2770,36,emas
1623,36,emas
3018,36,emas
1668,36,emas
3189,36,emas
2718,36,emas
2479,36,emas
4139,36,emas
4360,36,emas
4142,36,emas
979,36,perak
2047,36,perak
2668,36,perak
4037,36,perak
2194,36,perak
2184,36,perak
2154,36,perak
3778,36,perak
2206,36,perak
4390,36,perak
346,36,perak
3883,36,perak
2723,36,perak
848,36,perak
2952,36,perak
1913,36,perak
1549,36,perunggu
2089,36,perunggu
178,36,perunggu
3832,36,perunggu
63,36,perunggu
1769,36,perunggu
31,36,perunggu
83,36,perunggu
140,36,perunggu
1729,36,perunggu
3179,36,perunggu
937,36,perunggu
2285,36,perunggu
938,36,perunggu
1917,36,perunggu
621,36,#4
3432,36,#4
622,36,#4
2183,36,#4
3363,36,#4
4207,36,#4
4386,36,#4
3010,36,#4
3180,36,#4
2383,36,#4
2424,36,#4
988,36,#4
640,36,#4
1051,36,#4
145,36,#4
4501,36,#4
4502,36,#4
4672,36,#5
14,36,#5
97,36,#5
3259,36,#5
3260,36,#5
1733,36,#5
3541,36,#5
4696,36,#5
4044,36,#5
3242,36,#5
117,36,#5
96,36,#5
2235,36,#5
225,36,#5
3265,36,#5
3243,36,#5
4553,36,#6
3946,36,#6
4036,36,#6
3665,36,#6
2417,36,#6
2414,36,#6
2768,36,#6
4422,36,#6
840,36,#6
1628,36,#6
4464,36,#6
1443,36,#6
4133,36,#6
207,36,#6
2066,36,#7
3068,36,#7
1355,36,#7
940,36,#7
342,36,#7
4038,36,#7
1606,36,#7
4423,36,#7
1351,36,#7
2679,36,#7
136,36,#7
1998,36,#7
2067,36,#7
3557,36,#7
2724,36,#7
2241,36,#7
4680,36,#8
519,36,#8
3361,36,#8
1180,36,#8
3125,36,#8
1028,36,#8
3415,36,#8
4576,36,#8
3448,36,#8
2712,36,#8
2699,36,#8
1711,36,#8
4514,36,#8
1093,36,#8
2239,36,#8
3774,36,#8
1058,36,#9
2655,36,#9
1050,36,#9
2938,36,#9
2714,36,#9
4828,36,#9
3011,36,#9
2114,36,#9
2711,36,#9
3443,36,#9
4405,36,#9
1831,36,#9
2925,36,#9
4546,36,#9
66,36,#10
569,36,#10
3607,36,#10
3840,36,#10
1493,36,#10
3641,36,#10
564,36,#10
4822,36,#10
2425,36,#10
1442,36,#10
3797,36,#10
4823,36,#10
3190,36,#10
2483,36,#10
3007,36,#10
1121,36,#10
565,36,#10
4290,36,#11
2404,36,#11
4455,36,#11
3333,36,#11
4114,36,#11
48,36,#11
4106,36,#11
2000,36,#11
922,36,#11
1686,36,#11
1691,36,#11
4306,36,#11
3331,36,#11
4195,36,#11
1339,36,#12
1342,36,#12
3408,36,#12
1023,36,#12
1745,36,#12
3574,36,#12
2678,36,#12
358,36,#12
1583,36,#12
3640,36,#12
1466,36,#12
1888,36,#12
2552,36,#12
3407,36,#12
2127,36,#12
4550,37,emas
2861,37,emas
4240,37,emas
3484,37,emas
4238,37,emas
4126,37,emas
2232,37,emas
2422,37,emas
4573,37,emas
2281,37,emas
2942,37,emas
701,37,emas
3960,37,emas
1665,37,emas
4342,37,emas
2493,37,perak
3116,37,perak
239,37,perak
831,37,perak
898,37,perak
1559,37,perak
885,37,perak
2490,37,perak
3552,37,perak
4293,37,perak
3624,37,perak
1270,37,perak
3546,37,perak
2692,37,perak
3990,37,perak
2541,37,perak
1641,37,perak
3952,37,perunggu
3988,37,perunggu
1659,37,perunggu
408,37,perunggu
2271,37,perunggu
2596,37,perunggu
263,37,perunggu
3138,37,perunggu
2420,37,perunggu
4475,37,perunggu
2649,37,perunggu
3173,37,perunggu
1216,37,perunggu
3806,37,perunggu
3158,37,perunggu
2045,37,#4
3463,37,#4
711,37,#4
2599,37,#4
1892,37,#4
3022,37,#4
1311,37,#4
3351,37,#4
2419,37,#4
4163,37,#4
1144,37,#4
1951,37,#4
3532,37,#4
4493,37,#4
2505,37,#5
2630,37,#5
2473,37,#5
625,37,#5
2134,37,#5
4292,37,#5
2364,37,#5
2312,37,#5
375,37,#5
3812,37,#5
4688,37,#5
3437,37,#5
1040,37,#5
1266,37,#5
3661,37,#6
3318,37,#6
390,37,#6
2369,37,#6
620,37,#6
1567,37,#6
3455,37,#6
4824,37,#6
3479,37,#6
3664,37,#6
2278,37,#6
1566,37,#6
3772,37,#6
916,37,#6
2370,37,#6
4572,37,#6
3663,37,#6
1451,37,#7
675,37,#7
2901,37,#7
4297,37,#7
1968,37,#7
314,37,#7
2472,37,#7
71,37,#7
3934,37,#7
1528,37,#7
1448,37,#7
2841,37,#7
1983,37,#7
3599,37,#7
2315,37,#7
3779,37,#7
243,37,#8
3110,37,#8
2603,37,#8
4649,37,#8
1200,37,#8
416,37,#8
4007,37,#8
2146,37,#8
422,37,#8
1950,37,#8
2261,37,#8
4581,37,#8
2140,37,#8
2046,37,#8
2968,37,#9
4574,37,#9
2581,37,#9
2157,37,#9
1049,37,#9
1660,37,#9
3344,37,#9
132,37,#9
2923,37,#9
3340,37,#9
802,37,#9
4216,37,#9
1138,37,#9
522,37,#9
2015,37,#10
1291,37,#10
1286,37,#10
2006,37,#10
3905,37,#10
3226,37,#10
1288,37,#10
607,37,#10
2448,37,#10
1292,37,#10
2014,37,#10
987,37,#10
626,37,#10
2007,37,#10
4516,37,#11
316,37,#11
1163,37,#11
3465,37,#11
4416,37,#11
309,37,#11
4294,37,#11
2790,37,#11
3349,37,#11
253,37,#11
300,37,#11
532,37,#11
2789,37,#11
1185,37,#11
1184,37,#11
3426,37,#12
2970,37,#12
728,37,#12
4129,37,#12
2786,37,#12
3132,37,#12
1947,37,#12
2471,37,#12
3615,37,#12
2737,37,#12
2199,37,#12
237,37,#12
2887,37,#12
210,37,#12
3217,37,#12
2010,38,emas
2476,38,emas
2063,38,emas
4359,38,emas
4357,38,emas
4067,38,emas
2092,38,emas
2185,38,emas
1009,38,emas
1399,38,emas
4418,38,emas
2385,38,emas
2043,38,emas
4215,38,emas
3684,38,emas
4385,38,emas
1078,38,emas
1398,38,emas
3021,38,perak
3033,38,perak
2725,38,perak
3440,38,perak
2048,38,perak
4358,38,perak
3613,38,perak
4324,38,perak
4433,38,perak
1548,38,perak
855,38,perak
2195,38,perak
2853,38,perak
2979,38,perak
1622,38,perak
2807,38,perak
3277,38,perak
1930,38,perak
2820,38,perunggu
32,38,perunggu
1629,38,perunggu
1587,38,perunggu
3958,38,perunggu
2814,38,perunggu
1630,38,perunggu
2460,38,perunggu
4202,38,perunggu
4250,38,perunggu
4078,38,perunggu
3735,38,perunggu
298,38,perunggu
4590,38,perunggu
4249,38,perunggu
143,38,#4
2084,38,#4
4647,38,#4
3729,38,#4
3647,38,#4
265,38,#4
2095,38,#4
1489,38,#4
2838,38,#4
2835,38,#4
2703,38,#4
2837,38,#4
2030,38,#4
2839,38,#4
639,38,#4
1112,38,#4
1746,38,#4
679,38,#4
2627,38,#5
4354,38,#5
472,38,#5
2054,38,#5
1390,38,#5
764,38,#5
1469,38,#5
3409,38,#5
189,38,#5
1352,38,#5
4578,38,#5
468,38,#5
425,38,#5
2629,38,#5
4559,38,#5
4429,38,#5
3081,38,#5
3367,38,#5
465,38,#5
2452,38,#6
4430,38,#6
902,38,#6
1877,38,#6
4435,38,#6
3047,38,#6
3353,38,#6
2108,38,#6
1104,38,#6
1855,38,#6
615,38,#6
447,38,#6
2438,38,#6
1400,38,#6
4387,38,#6
360,38,#6
1958,38,#6
3393,38,#7
1844,38,#7
971,38,#7
1849,38,#7
4785,38,#7
3885,38,#7
3930,38,#7
1884,38,#7
3669,38,#7
974,38,#7
3526,38,#7
2569,38,#7
2535,38,#7
4372,38,#7
894,38,#7
4627,38,#7
4391,38,#7
1462,38,#7
4446,38,#8
2125,38,#8
3411,38,#8
4421,38,#8
2783,38,#8
3410,38,#8
2681,38,#8
3974,38,#8
1340,38,#8
4440,38,#8
3029,38,#8
2676,38,#8
87,38,#8
4271,38,#8
4443,38,#8
82,38,#8
543,38,#8
1774,38,#8
3305,38,#9
361,38,#9
1858,38,#9
19,38,#9
646,38,#9
2303,38,#9
4338,38,#9
3052,38,#9
3889,38,#9
932,38,#9
3386,38,#9
4795,38,#9
3487,38,#9
3936,38,#9
1300,38,#9
699,38,#9
975,38,#10
4403,38,#10
2055,38,#10
3056,38,#10
959,38,#10
2441,38,#10
4080,38,#10
4035,38,#10
3658,38,#10
1957,38,#10
3151,38,#10
579,38,#10
2069,38,#10
3652,38,#10
2533,38,#10
559,38,#10
3392,38,#10
471,38,#11
1465,38,#11
3037,38,#11
2677,38,#11
4140,38,#11
612,38,#11
4569,38,#11
3476,38,#11
284,38,#11
1464,38,#11
1415,38,#11
912,38,#11
1147,38,#11
1281,38,#11
4557,38,#11
780,38,#11
4402,38,#11
663,38,#11
1053,38,#12
4029,38,#12
928,38,#12
4136,38,#12
781,38,#12
1879,38,#12
3926,38,#12
4143,38,#12
3383,38,#12
643,38,#12
2100,38,#12
2547,38,#12
2228,38,#12
610,38,#12
4033,38,#12
1714,38,#12
1643,38,#12
2801,38,#12
1804,38,#12
411,39,emas
2733,39,emas
1427,39,emas
2612,39,emas
4643,39,emas
4707,39,emas
3785,39,emas
1346,39,emas
2892,39,emas
3962,39,emas
1426,39,emas
2076,39,emas
2961,39,emas
3674,39,emas
2920,39,emas
2498,39,emas
3673,39,emas
1988,39,perak
604,39,perak
2618,39,perak
4710,39,perak
4703,39,perak
3468,39,perak
1698,39,perak
4815,39,perak
4613,39,perak
3112,39,perak
1987,39,perak
4770,39,perak
4677,39,perak
4620,39,perak
1990,39,perak
2009,39,perak
384,39,perak
4170,39,perunggu
89,39,perunggu
4517,39,perunggu
80,39,perunggu
88,39,perunggu
2879,39,perunggu
910,39,perunggu
3831,39,perunggu
4567,39,perunggu
4160,39,perunggu
1283,39,perunggu
2469,39,perunggu
2131,39,perunggu
2873,39,perunggu
2168,39,perunggu
4818,39,perunggu
2192,39,#4
1000,39,#4
38,39,#4
791,39,#4
2135,39,#4
1224,39,#4
1211,39,#4
252,39,#4
4525,39,#4
3169,39,#4
533,39,#4
106,39,#4
4227,39,#4
2577,39,#4
1179,39,#4
287,39,#4
2690,39,#4
1662,39,#4
702,39,#4
866,39,#5
673,39,#5
306,39,#5
1558,39,#5
3646,39,#5
2747,39,#5
227,39,#5
1642,39,#5
4221,39,#5
2213,39,#5
1904,39,#5
2032,39,#5
2248,39,#5
3784,39,#5
4310,39,#5
2896,39,#5
3758,39,#5
1557,39,#5
2373,39,#6
292,39,#6
3436,39,#6
4050,39,#6
571,39,#6
409,39,#6
2610,39,#6
2542,39,#6
794,39,#6
3352,39,#6
4180,39,#6
762,39,#6
1213,39,#6
4571,39,#6
1347,39,#6
4239,39,#6
1979,39,#6
2600,39,#6
2486,39,#7
3980,39,#7
2151,39,#7
2685,39,#7
2882,39,#7
554,39,#7
2971,39,#7
897,39,#7
618,39,#7
2633,39,#7
552,39,#7
4645,39,#7
547,39,#7
141,39,#7
871,39,#7
3596,39,#7
2502,39,#8
393,39,#8
1616,39,#8
3998,39,#8
302,39,#8
4003,39,#8
796,39,#8
4332,39,#8
1813,39,#8
1525,39,#8
1696,39,#8
1381,39,#8
4188,39,#8
2586,39,#8
1384,39,#8
3220,39,#8
39,39,#9
3134,39,#9
483,39,#9
3101,39,#9
672,39,#9
2751,39,#9
277,39,#9
481,39,#9
1165,39,#9
2529,39,#9
198,39,#9
4182,39,#9
2309,39,#9
2242,39,#9
1214,39,#9
2316,39,#9
1122,39,#10
4733,39,#10
3235,39,#10
4773,39,#10
1651,39,#10
4101,39,#10
3188,39,#10
4099,39,#10
2229,39,#10
2778,39,#10
3912,39,#10
2227,39,#10
297,39,#10
3915,39,#10
3234,39,#10
3803,39,#10
370,39,#11
766,39,#11
4224,39,#11
1107,39,#11
2412,39,#11
3548,39,#11
1041,39,#11
3590,39,#11
4273,39,#11
1259,39,#11
3489,39,#11
1617,39,#11
3547,39,#11
2912,39,#11
2289,39,#11
3706,39,#11
2290,39,#11
756,39,#12
1223,39,#12
3172,39,#12
3587,39,#12
4720,39,#12
3668,39,#12
1457,39,#12
4555,39,#12
1592,39,#12
3023,39,#12
1308,39,#12
1781,39,#12
2691,39,#12
130,39,#12
998,39,#12
4336,39,#12
3024,39,#12
4108,40,emas
281,40,emas
3996,40,emas
876,40,emas
2906,40,emas
3847,40,emas
2749,40,emas
2017,40,emas
4609,40,emas
2715,40,emas
262,40,emas
3077,40,emas
500,40,emas
4322,40,emas
4508,40,perak
1639,40,perak
3357,40,perak
3911,40,perak
3191,40,perak
115,40,perak
3804,40,perak
1680,40,perak
4172,40,perak
3897,40,perak
3966,40,perak
4287,40,perak
4308,40,perak
9,40,perak
2475,40,perunggu
3730,40,perunggu
2335,40,perunggu
548,40,perunggu
935,40,perunggu
4630,40,perunggu
3724,40,perunggu
1577,40,perunggu
2549,40,perunggu
3728,40,perunggu
3205,40,perunggu
4700,40,perunggu
1725,40,perunggu
2012,40,perunggu
1650,40,perunggu
1726,40,perunggu
541,40,perunggu
4636,40,perunggu
2197,40,perunggu
2075,40,perunggu
3213,40,perunggu
3501,40,#5
487,40,#5
4551,40,#5
2365,40,#5
4025,40,#5
228,40,#5
490,40,#5
334,40,#5
2825,40,#5
3043,40,#5
435,40,#5
841,40,#5
1475,40,#5
3003,40,#5
2262,40,#5
3633,40,#5
3218,40,#5
3783,40,#5
398,40,#5
1749,40,#5
4398,40,#5
1113,40,#5
1251,40,#5
3197,40,#7
2903,40,#7
3199,40,#7
4241,40,#7
3369,40,#7
148,40,#7
4115,40,#7
1043,40,#7
2351,40,#7
1586,40,#7
1799,40,#7
4009,40,#7
1070,40,#7
3303,40,#7
983,40,#7
4090,40,#7
3306,40,#7
251,40,#7
2264,40,#9
2657,40,#9
3154,40,#9
3941,40,#9
4605,40,#9
5,40,#9
836,40,#9
2311,40,#9
755,40,#9
317,40,#9
469,40,#9
1414,40,#9
4071,40,#9
2499,40,#9
454,40,#9
909,40,#9
99,40,#9
3924,40,#9
973,40,#9
4479,40,#9
3457,40,#9
1277,40,#9
1276,40,#9
4192,40,#9
4536,40,#9
1515,40,#9
2478,40,#9
2477,40,#9
4305,40,#9
1758,40,#9
4396,40,#9
1471,40,#9
4107,40,#9
3089,40,#9
1510,40,#9
3754,40,#9
1775,40,#9
4426,40,#9
539,40,#9
4674,40,#9
3906,40,#9
3659,40,#9
34,40,#9
1265,40,#9
2224,40,#9
1588,40,#9
953,40,#9
4697,40,#9
40,40,#9
3492,40,#9
2159,40,#9
3964,40,#9
2023,40,#9
2943,40,#9
1591,40,#9
4466,40,#9
1416,40,#9
3478,40,#9
3149,40,#9
1939,40,#9
4485,40,#9
1365,40,#9
2293,40,#9
3293,40,#9
3917,40,#9
4537,40,#9
3181,40,#9
1735,40,#9
3296,40,#17
2772,40,#17
3264,40,#17
445,40,#17
60,40,#17
3773,40,#17
4268,40,#17
4265,40,#17
567,40,#17
2430,40,#17
493,40,#17
4825,40,#17
523,40,#17
4193,40,#17
1238,40,#17
59,40,#17
2355,40,#17
460,40,#17
540,40,#17
1247,40,#17
1544,40,#17
4483,40,#17
4664,41,emas
3702,41,emas
4409,41,emas
4798,41,emas
2467,41,emas
4084,41,perak
49,41,perak
3849,41,perak
3503,41,perak
1018,41,perak
2980,41,perunggu
78,41,perunggu
169,41,perunggu
946,41,perunggu
2500,41,perunggu
4164,41,#4
2764,41,#4
2221,41,#4
3715,41,#4
2867,41,#4
1585,41,#5
2462,41,#5
4797,41,#5
4698,41,#5
966,41,#5
102,41,#6
2815,41,#6
768,41,#6
2191,41,#6
2656,41,#6
1015,41,#7
246,41,#7
4523,41,#7
2374,41,#7
2917,41,#7
1309,41,#8
4075,41,#8
3295,41,#8
276,41,#8
1800,41,#8
2877,41,#9
4561,41,#9
991,41,#9
4167,41,#9
3423,41,#9
310,41,#10
1780,41,#10
3216,41,#10
3600,41,#10
3921,41,#10
4016,41,#11
1231,41,#11
2572,41,#11
3670,41,#11
1974,41,#11
924,41,#12
4161,41,#12
2143,41,#12
2367,41,#12
58,41,#12
387,41,#13
949,41,#13
247,41,#13
1619,41,#13
1196,41,#13
2463,41,#14
2052,41,#14
1334,41,#14
29,41,#14
295,41,#14
4110,42,emas
3856,42,emas
3272,42,emas
1850,42,emas
779,42,emas
4432,42,emas
1889,42,emas
4367,42,emas
1635,42,emas
3737,42,perak
3509,42,perak
3945,42,perak
3873,42,perak
1498,42,perak
1854,42,perak
1901,42,perak
3170,42,perak
1027,42,perak
1672,42,perunggu
3398,42,perunggu
843,42,perunggu
877,42,perunggu
832,42,perunggu
3653,42,perunggu
1301,42,perunggu
3679,42,perunggu
3800,42,perunggu
572,42,#4
3044,42,#4
3507,42,#4
2522,42,#4
3070,42,#4
1425,42,#4
4635,42,#4
4463,42,#4
2065,42,#4
3184,42,#5
2520,42,#5
627,42,#5
896,42,#5
2944,42,#5
3288,42,#5
1395,42,#5
1397,42,#5
65,42,#5
557,42,#6
4404,42,#6
4200,42,#6
193,42,#6
1838,42,#6
1842,42,#6
381,42,#6
383,42,#6
2323,42,#6
3036,42,#7
1857,42,#7
1190,42,#7
3925,42,#7
981,42,#7
1474,42,#7
2551,42,#7
4579,42,#7
161,42,#7
3391,43,emas
2186,43,emas
3147,43,emas
2567,43,emas
3536,43,perak
2625,43,perak
4370,43,perak
3035,43,perak
3527,43,perunggu
970,43,perunggu
3034,43,perunggu
1422,43,perunggu
3041,43,#4
1520,43,#4
1537,43,#4
3388,43,#4
4209,43,#5
4063,43,#5
349,43,#5
862,43,#5
1843,43,#6
1358,43,#6
190,43,#6
1590,43,#7
3368,43,#7
1136,43,#7
3802,43,#7
4353,43,#8
1582,43,#8
580,43,#8
4325,43,#8
2042,43,#9
4388,43,#9
3601,43,#9
2207,43,#9
2544,44,emas
1378,44,emas
4458,44,emas
2386,44,emas
2659,44,perak
2664,44,perak
338,44,perak
1500,44,perak
1056,44,perunggu
3015,44,perunggu
3223,44,perunggu
1322,44,perunggu
4362,44,#4
698,44,#4
3054,44,#4
1561,44,#4
428,44,#5
3066,44,#5
4392,44,#5
3280,44,#5
1054,44,#6
1894,44,#6
4028,44,#6
3064,44,#6
3187,44,#7
255,44,#7
4462,44,#7
2044,44,#7
2426,44,#8
1900,44,#8
2064,44,#8
1252,44,#8
2558,44,#9
348,44,#9
1396,44,#9
1784,44,#9
2761,45,emas
3867,45,emas
329,45,emas
2881,45,emas
70,45,emas
273,45,emas
1786,45,emas
4144,45,emas
4568,45,emas
1971,45,perak
691,45,perak
3091,45,perak
2249,45,perak
506,45,perak
4262,45,perak
2421,45,perak
35,45,perak
2411,45,perak
1654,45,perunggu
3865,45,perunggu
1697,45,perunggu
1202,45,perunggu
2513,45,perunggu
1306,45,perunggu
1634,45,perunggu
415,45,perunggu
1671,45,perunggu
2280,45,#4
671,45,#4
1483,45,#4
1864,45,#4
1516,45,#4
3995,45,#4
3576,45,#4
1648,45,#4
3267,45,#5
2864,45,#5
2750,45,#5
3770,45,#5
3102,45,#5
865,45,#5
3531,45,#5
788,45,#5
3461,45,#5
1517,45,#6
2593,45,#6
232,45,#6
105,45,#6
1152,45,#6
4130,45,#6
230,45,#6
4548,45,#6
1189,45,#6
3330,45,#7
734,45,#7
870,45,#7
3986,45,#7
1432,45,#7
2231,45,#7
4171,45,#7
3456,45,#7
4191,45,#7
2964,46,emas
1676,46,emas
4412,46,emas
583,46,emas
1657,46,perak
1264,46,perak
3927,46,perak
3762,46,perak
1846,46,perunggu
3671,46,perunggu
982,46,perunggu
2334,46,perunggu
70,46,#4
2881,46,#4
2761,46,#4
273,46,#4
1205,46,#5
2319,46,#5
923,46,#5
2256,46,#5
4118,46,#6
4660,46,#6
4809,46,#6
4661,46,#6
1771,46,#7
1125,46,#7
3347,46,#7
1204,46,#7
489,46,#8
1431,46,#8
2914,46,#8
2163,46,#8
3537,46,#9
1926,46,#9
2585,46,#9
2512,47,emas
1618,47,emas
2631,47,emas
1482,47,emas
2458,47,perak
581,47,perak
3855,47,perak
4334,47,perak
2862,47,perunggu
4270,47,perunggu
2555,47,perunggu
3672,47,perunggu
1325,47,#4
767,47,#4
3592,47,#4
2607,47,#4
1740,47,#5
2259,47,#5
968,47,#5
325,47,#5
4769,47,#6
2598,47,#6
4679,47,#6
4659,47,#6
1785,47,#7
1187,47,#7
203,47,#7
3597,47,#7
3792,47,#8
2495,47,#8
693,47,#8
1556,47,#9
1201,47,#9
4321,47,#9
2516,47,#9
4529,48,emas
369,48,emas
3751,48,emas
4348,48,emas
4230,48,emas
3625,48,emas
1934,48,emas
426,48,emas
7,48,emas
1927,48,emas
424,48,emas
2082,48,emas
3365,48,emas
2060,48,perak
2103,48,perak
1953,48,perak
4068,48,perak
1792,48,perak
3687,48,perak
4329,48,perak
4606,48,perak
1964,48,perak
1793,48,perak
2226,48,perak
4049,48,perak
3734,48,perak
1370,48,perak
844,48,perunggu
3891,48,perunggu
1772,48,perunggu
4788,48,perunggu
3709,48,perunggu
4377,48,perunggu
4478,48,perunggu
4052,48,perunggu
4093,48,perunggu
3863,48,perunggu
4154,48,perunggu
4103,48,perunggu
3852,48,perunggu
1673,48,#4
558,48,#4
901,48,#4
1026,48,#4
2947,48,#4
1674,48,#4
1644,48,#4
1890,48,#4
3051,48,#4
3397,48,#4
3063,48,#4
3355,48,#4
4031,48,#5
647,48,#5
4457,48,#5
118,48,#5
1091,48,#5
3378,48,#5
1344,48,#5
362,48,#5
3768,48,#5
4326,48,#5
3283,48,#5
2559,48,#5
2038,48,#5
4153,48,#5
1839,48,#6
364,48,#6
1638,48,#6
2948,48,#6
4783,48,#6
798,48,#6
2078,48,#6
1715,48,#6
1716,48,#6
4330,48,#6
1470,48,#6
3379,48,#6
4032,48,#6
2031,48,#7
4441,48,#7
1496,48,#7
3039,48,#7
85,48,#7
3969,48,#7
4424,48,#7
1467,48,#7
3028,48,#7
3973,48,#7
2687,48,#7
2856,48,#7
3835,48,#7
3975,48,#7
4,48,#8
2792,48,#8
3554,48,#8
3006,48,#8
2859,48,#8
2346,48,#8
3321,48,#8
2800,48,#8
4233,48,#8
2755,48,#8
3648,48,#8
2675,48,#8
3685,48,#8
43,48,#8
2056,48,#9
2464,48,#9
1477,48,#9
4577,48,#9
658,48,#9
2344,48,#9
438,48,#9
1675,48,#9
3939,48,#9
3496,48,#9
3604,48,#9
835,48,#9
1005,48,#9
4528,48,#10
121,48,#10
608,48,#10
3286,48,#10
4437,48,#10
4311,48,#10
2461,48,#10
3374,48,#10
1320,48,#10
3614,48,#10
4237,48,#10
4510,48,#10
1887,48,#11
4513,48,#11
4442,48,#11
2128,48,#11
542,48,#11
1022,48,#11
3013,48,#11
1348,48,#11
1584,48,#11
526,48,#11
1744,48,#11
2126,48,#11
2384,48,#11
956,48,#11
4275,48,#12
2371,48,#12
4112,48,#12
2180,48,#12
2116,48,#12
3241,48,#12
2372,48,#12
4725,48,#12
2298,48,#12
4286,48,#12
4738,48,#12
4727,48,#12
4274,48,#12
3818,49,emas
2091,49,emas
4205,49,emas
2811,49,emas
3994,49,emas
3152,49,emas
4490,49,emas
2774,49,emas
1923,49,emas
4350,49,emas
3689,49,emas
159,49,emas
731,49,perak
3529,49,perak
267,49,perak
484,49,perak
825,49,perak
776,49,perak
1386,49,perak
712,49,perak
2408,49,perak
1331,49,perak
3683,49,perak
2347,49,perak
451,49,perunggu
1764,49,perunggu
2288,49,perunggu
3937,49,perunggu
174,49,perunggu
2509,49,perunggu
3359,49,perunggu
183,49,perunggu
158,49,perunggu
4218,49,perunggu
3997,49,perunggu
2413,49,perunggu
598,49,#4
4089,49,#4
1330,49,#4
1061,49,#4
4319,49,#4
4010,49,#4
789,49,#4
2214,49,#4
4376,49,#4
1811,49,#4
662,49,#4
2748,49,#4
4056,49,#5
407,49,#5
830,49,#5
2647,49,#5
2020,49,#5
4721,49,#5
828,49,#5
705,49,#5
715,49,#5
732,49,#5
1728,49,#5
2578,49,#5
1699,49,#6
3111,49,#6
3697,49,#6
4676,49,#6
4685,49,#6
4611,49,#6
2348,49,#6
4746,49,#6
1345,49,#6
4663,49,#6
4658,49,#6
4737,49,#6
4655,49,#6
4654,49,#6
2614,49,#7
1869,49,#7
1175,49,#7
1552,49,#7
1652,49,#7
2518,49,#7
1226,49,#7
1177,49,#7
1820,49,#7
3100,49,#7
1914,49,#7
308,49,#7
33,49,#7
479,49,#8
4554,49,#8
4204,49,#8
125,49,#8
289,49,#8
2273,49,#8
553,49,#8
3097,49,#8
2697,49,#8
1303,49,#8
1261,49,#8
1206,49,#8
820,49,#9
2924,49,#9
3813,49,#9
3914,49,#9
809,49,#9
3108,49,#9
4763,49,#9
459,49,#9
1611,49,#9
1191,49,#9
4608,49,#9
1701,49,#9
2900,49,#10
2709,49,#10
3193,49,#10
1524,49,#10
4344,49,#10
4345,49,#10
4690,49,#10
2926,49,#10
1450,49,#10
3744,49,#10
595,49,#10
2844,49,#10
2538,49,#10
2571,49,#11
689,49,#11
514,49,#11
4813,49,#11
2963,49,#11
4545,49,#11
2891,49,#11
4157,49,#11
3317,49,#11
3025,49,#11
2322,49,#11
2616,49,#11
3733,49,#12
4542,49,#12
54,49,#12
2523,49,#12
3755,49,#12
318,49,#12
1761,49,#12
2391,49,#12
261,49,#12
2459,49,#12
2888,49,#12
4065,49,#12
1835,50,emas
833,50,emas
1717,50,emas
690,50,emas
1837,50,perak
1401,50,perak
2209,50,perak
2440,50,perak
164,50,perunggu
4364,50,perunggu
3589,50,perunggu
2822,50,perunggu
4799,50,#4
4662,50,#4
2178,50,#4
1626,50,#4
3057,50,#5
1856,50,#5
4431,50,#5
1081,50,#5
2111,50,#6
4771,50,#6
1377,50,#6
1916,50,#6
2106,50,#7
3726,50,#7
2658,50,#7
3660,50,#7
3328,50,#8
4266,50,#8
45,50,#8
1708,50,#8
4060,50,#9
2704,50,#9
769,50,#9
2937,50,#9
1576,50,#10
2845,50,#10
1445,50,#10
655,50,#10
4540,50,#11
3441,50,#11
2187,50,#11
353,50,#11
1596,50,#12
3723,50,#12
1580,50,#12
4634,50,#12
3016,50,#13
1057,50,#13
538,50,#13
2223,50,#13
4448,50,#14
1460,50,#14
1006,50,#14
212,50,#14
3829,50,#15
609,50,#15
1139,50,#15
1817,50,#15
345,50,#16
3583,50,#16
4235,50,#16
3502,50,#16
1992,51,emas
1600,51,emas
1985,51,emas
4799,51,emas
774,51,emas
3890,51,perak
3380,51,perak
690,51,perak
1717,51,perak
1835,51,perak
4368,51,perak
783,51,perak
4719,51,perunggu
2548,51,perunggu
3078,51,perunggu
1389,51,perunggu
3723,51,perunggu
884,51,perunggu
3525,51,#4
47,51,#4
1081,51,#4
3057,51,#4
2037,51,#4
616,51,#5
1377,51,#5
1765,51,#5
2111,51,#5
1916,51,#5
1803,51,#6
2112,51,#6
3061,51,#6
2440,51,#6
556,51,#6
3511,51,#7
3124,51,#7
2658,51,#7
2106,51,#7
2674,51,#7
2211,51,#8
743,51,#8
3497,51,#8
4206,51,#8
4364,51,#9
3428,51,#9
1499,51,#9
164,51,#9
2433,51,#10
1896,51,#10
1882,51,#10
538,51,#10
891,51,#11
965,51,#11
3073,51,#11
4082,51,#11
587,51,#12
4512,51,#12
4135,51,#12
1655,51,#12
2136,51,#13
1065,51,#13
1996,51,#13
4254,51,#13
3808,51,#14
4289,51,#14
3332,51,#14
2282,51,#14
3845,51,#15
1956,51,#15
3460,51,#15
434,51,#15
1713,51,#16
716,51,#16
2937,51,#16
4060,51,#16
1885,52,emas
4431,52,emas
3057,52,emas
1081,52,emas
2728,52,perak
737,52,perak
1075,52,perak
2359,52,perak
3086,52,perunggu
1401,52,perunggu
1143,52,perunggu
4371,52,perunggu
4662,52,#4
2620,52,#4
4799,52,#4
4800,52,#4
4634,52,#5
1596,52,#5
4681,52,#5
3844,52,#5
1873,52,#6
1695,52,#6
4639,52,#6
4254,52,#6
4309,52,#7
2282,52,#7
1679,52,#7
2394,52,#7
2722,52,#8
3726,52,#8
4400,52,#8
2106,52,#8
1006,52,#9
1460,52,#9
4448,52,#9
530,52,#9
1521,52,#10
166,52,#10
720,52,#10
1374,52,#10
1032,52,#11
2397,52,#11
2396,52,#11
345,52,#11
3301,52,#12
1363,52,#12
1116,52,#12
1575,52,#12
769,52,#13
2704,52,#13
722,52,#13
1364,52,#13
3602,52,#14
175,52,#14
1955,52,#14
2644,52,#14
4445,52,#15
927,52,#15
4444,52,#15
367,52,#15
434,52,#16
3460,52,#16
1956,52,#16
4379,52,#16
3890,53,emas
3380,53,emas
1568,53,emas
4467,53,emas
1992,53,perak
1600,53,perak
4750,53,perak
2179,53,perak
2291,53,perunggu
2112,53,perunggu
3061,53,perunggu
3266,53,perunggu
4719,53,#4
2548,53,#4
2915,53,#4
589,53,#4
2442,53,#5
1377,53,#5
2111,53,#5
2865,53,#5
2375,53,#6
743,53,#6
3497,53,#6
2967,53,#6
2269,53,#7
1891,53,#7
1081,53,#7
395,53,#7
3808,53,#8
4289,53,#8
3236,53,#8
3805,53,#8
3511,53,#9
3124,53,#9
378,53,#9
3462,53,#9
326,53,#10
3851,53,#10
1460,53,#10
337,53,#10
3161,53,#11
3428,53,#11
904,53,#11
4166,53,#11
1615,53,#12
1255,53,#12
3984,53,#12
3829,53,#12
444,53,#13
1302,53,#13
401,53,#13
4349,53,#13
2202,53,#14
1060,53,#14
64,53,#14
2402,53,#14
1290,53,#15
1065,53,#15
1996,53,#15
4699,53,#15
1574,53,#16
1455,53,#16
3405,53,#16
4223,53,#16
3266,54,emas
4095,54,emas
1220,54,emas
3096,54,emas
2255,54,perak
1568,54,perak
4467,54,perak
4149,54,perak
2179,54,perunggu
4753,54,perunggu
4750,54,perunggu
3701,54,perunggu
2865,54,#4
4315,54,#4
4251,54,#4
3645,54,#4
4004,54,#5
3164,54,#5
3984,54,#5
2651,54,#5
589,54,#6
787,54,#6
2992,54,#6
2915,54,#6
395,54,#7
1295,54,#7
2696,54,#7
1428,54,#7
4166,54,#8
814,54,#8
3981,54,#8
1227,54,#8
4335,54,#9
2362,54,#9
3929,54,#9
2967,54,#9
3662,54,#10
2582,54,#10
3586,54,#10
3454,54,#10
4122,54,#11
2162,54,#11
1155,54,#11
2985,54,#11
313,54,#12
4223,54,#12
1519,54,#12
2885,54,#12
2252,54,#13
2402,54,#13
2147,54,#13
4826,54,#13
3376,54,#14
1910,54,#14
2277,54,#14
4415,54,#14
807,54,#15
1694,54,#15
704,54,#15
4222,54,#15
951,54,#16
1553,54,#16
1262,54,#16
4562,54,#16
3767,55,emas
2583,55,emas
1568,55,emas
4467,55,emas
2265,55,emas
2255,55,emas
184,55,emas
1228,55,emas
2291,55,perak
1944,55,perak
1220,55,perak
3266,55,perak
1791,55,perak
3096,55,perak
209,55,perak
1170,55,perak
2560,55,perunggu
3699,55,perunggu
4750,55,perunggu
2179,55,perunggu
4669,55,perunggu
3701,55,perunggu
4714,55,perunggu
2442,55,#4
4184,55,#4
2865,55,#4
4251,55,#4
2995,55,#4
3645,55,#4
1782,55,#4
3815,55,#5
4020,55,#5
3236,55,#5
3805,55,#5
1225,55,#6
787,55,#6
2915,55,#6
589,55,#6
2992,55,#6
1615,55,#7
4189,55,#7
2651,55,#7
4004,55,#7
2740,55,#8
4331,55,#8
4335,55,#8
2967,55,#8
2501,55,#9
391,55,#9
378,55,#9
3462,55,#9
2269,55,#10
380,55,#10
2301,55,#10
1428,55,#10
951,55,#11
3270,55,#11
1172,55,#11
1553,55,#11
51,55,#12
1060,55,#12
3627,55,#12
2402,55,#12
4222,55,#13
4152,55,#13
807,55,#13
1694,55,#13
2564,55,#14
1236,55,#14
2002,55,#14
822,55,#14
4027,55,#15
4346,55,#15
2985,55,#15
1155,55,#15
2869,55,#15
570,55,#15
4582,55,#15
4166,55,#15
3266,56,emas
2466,56,emas
660,56,emas
457,56,emas
868,56,perak
3578,56,perak
2276,56,perak
1260,56,perak
2179,56,perunggu
605,56,perunggu
859,56,perunggu
4694,56,perunggu
2995,56,#4
1168,56,#4
4251,56,#4
2160,56,#4
1429,56,#5
10,56,#5
1428,56,#5
2696,56,#5
3454,56,#6
2582,56,#6
108,56,#6
3586,56,#6
2878,56,#7
4223,56,#7
2885,56,#7
1455,56,#7
1257,56,#8
1307,56,#8
694,56,#8
2484,56,#8
4166,56,#9
1527,56,#9
3032,56,#9
1530,56,#9
1807,56,#10
3421,56,#10
2148,56,#10
3364,56,#10
326,56,#11
960,56,#11
517,56,#11
2525,56,#11
1911,56,#12
1767,56,#12
4127,56,#12
2967,56,#12
3320,56,#13
4607,56,#13
1688,56,#13
3815,56,#13
2693,56,#14
486,56,#14
2929,56,#14
324,56,#14
2876,56,#15
128,56,#15
3620,56,#15
101,56,#15
1539,56,#16
1129,56,#16
1101,56,#16
4793,56,#16
4802,57,emas
2634,57,emas
858,57,emas
429,57,perak
2416,57,perak
4481,57,perak
4138,57,perunggu
217,57,perunggu
1354,57,perunggu
4454,57,#4
4117,57,#4
1690,57,#4
1710,57,#5
4586,57,#5
1578,57,#5
929,57,#5
1031,57,#5
4397,57,#5
2073,57,#5
917,57,#5
4637,57,#5
4766,57,#5
804,57,#5
819,57,#5
1723,57,#9
1379,57,#9
3389,57,#9
1959,57,#9
1118,57,#9
354,57,#9
4449,57,#9
1369,57,#9
2068,57,#9
330,57,#9
2974,57,#9
3539,57,#9
3246,57,#9
4730,57,#9
2350,57,#9
4086,57,#9
1631,57,#9
2813,57,#9
2025,57,#9
2854,57,#9
4378,57,#9
1004,57,#9
3656,57,#9
963,57,#9
3126,58,emas
4711,58,emas
2829,58,emas
1684,58,perak
3232,58,perak
3231,58,perak
4743,58,perunggu
1995,58,perunggu
1289,58,perunggu
3464,58,#4
4657,58,#4
413,58,#4
2816,58,#5
4201,58,#5
448,58,#5
2590,58,#5
846,58,#5
1371,58,#5
4257,58,#5
3551,58,#5
2008,58,#5
1727,58,#5
4486,58,#5
4269,58,#5
3212,58,#9
3163,58,#9
3120,58,#9
1533,58,#9
676,58,#9
674,58,#9
1037,58,#9
1609,58,#9
2899,58,#9
793,58,#9
3692,58,#9
1984,58,#9
1693,58,#9
1692,58,#9
805,58,#9
2253,58,#9
3343,58,#9
4827,58,#9
57,58,#9
585,58,#9
1161,58,#9
3716,58,#9
307,58,#9
2588,58,#9
4389,59,emas
2613,59,emas
2481,59,emas
2497,59,emas
4066,59,perak
4316,59,perak
3273,59,perak
4314,59,perak
187,59,perunggu
1481,59,perunggu
3940,59,perunggu
590,59,perunggu
3676,59,#4
1219,59,#4
2545,59,#4
745,59,#4
3793,59,#5
3114,59,#5
4530,59,#5
2890,59,#5
1505,59,#6
229,59,#6
172,59,#6
4541,59,#6
3075,59,#7
2161,59,#7
758,59,#7
3178,59,#8
1044,59,#8
2818,59,#8
4589,59,#8
134,59,#9
394,59,#9
436,59,#9
3219,59,#9
3228,59,#10
3090,59,#10
3798,59,#10
3714,59,#10
4552,59,#11
2646,59,#11
2415,59,#11
4174,59,#11
2731,59,#12
3348,59,#12
3053,59,#12
4190,59,#12
446,59,#13
3857,59,#13
906,59,#13
2624,59,#13
1645,59,#14
3425,59,#14
1092,59,#14
103,59,#14
258,59,
2144,59,
4417,59,
2611,59,
535,60,emas
1941,60,emas
1928,60,emas
578,60,emas
2343,60,emas
1098,60,emas
423,60,emas
3412,60,emas
4473,60,emas
4670,60,emas
4347,60,emas
3707,60,emas
2726,60,perak
537,60,perak
4624,60,perak
150,60,perak
1571,60,perak
1881,60,perak
2222,60,perak
3637,60,perak
2848,60,perak
3014,60,perak
4447,60,perak
536,60,perak
3485,60,perak
3045,60,perunggu
8,60,perunggu
1936,60,perunggu
4465,60,perunggu
3141,60,perunggu
3088,60,perunggu
3142,60,perunggu
4369,60,perunggu
1463,60,perunggu
4312,60,perunggu
978,60,perunggu
1256,60,perunggu
163,60,#4
4148,60,#4
1326,60,#4
3796,60,#4
1522,60,#4
3062,60,#4
1504,60,#4
948,60,#4
4774,60,#4
3827,60,#4
162,60,#4
2663,60,#4
4456,60,#5
157,60,#5
1898,60,#5
997,60,#5
4018,60,#5
1906,60,#5
4810,60,#5
1563,60,#5
4408,60,#5
2382,60,#5
3839,60,#5
3433,60,#5
838,60,#6
3278,60,#6
2050,60,#6
1594,60,#6
2156,60,#6
2719,60,#6
427,60,#6
3875,60,#6
3276,60,#6
4420,60,#6
4419,60,#6
2721,60,#6
4752,60,#7
4279,60,#7
111,60,#7
2330,60,#7
4307,60,#7
112,60,#7
2999,60,#7
2329,60,#7
3739,60,#7
4755,60,#7
3001,60,#7
4452,60,#7
682,60,#8
2717,60,#8
74,60,#8
4718,60,#8
1814,60,#8
1361,60,#8
2680,60,#8
4343,60,#8
3794,60,#8
123,60,#8
1383,60,#8
964,60,#8
4503,60,#9
3201,60,#9
3650,60,#9
2954,60,#9
3447,60,#9
3215,60,#9
3636,60,#9
147,60,#9
1073,60,#9
2957,60,#9
4604,60,#9
149,60,#9
2727,60,#10
3387,60,#10
668,60,#10
954,60,#10
4232,60,#10
656,60,#10
4644,60,#10
2682,60,#10
470,60,#10
2188,60,#10
1437,60,#10
1249,60,#10
3030,60,#11
1899,60,#11
1329,60,#11
86,60,#11
3971,60,#11
680,60,#11
2686,60,#11
3573,60,#11
2689,60,#11
2977,60,#11
2688,60,#11
3418,60,#11
91,60,#12
3255,60,#12
3252,60,#12
15,60,#12
3256,60,#12
3253,60,#12
1703,60,#12
4045,60,#12
17,60,#12
3284,60,#12
3765,60,#12
3254,60,#12
2930,61,emas
726,61,emas
1755,61,emas
3271,61,emas
170,61,emas
753,61,emas
392,61,emas
3312,61,emas
3588,61,emas
3999,61,emas
3504,61,emas
1128,61,emas
1458,61,emas
2086,61,perak
508,61,perak
2193,61,perak
2508,61,perak
2080,61,perak
335,61,perak
2083,61,perak
1601,61,perak
926,61,perak
2272,61,perak
2320,61,perak
808,61,perak
3495,61,perunggu
1017,61,perunggu
2746,61,perunggu
4340,61,perunggu
3859,61,perunggu
3826,61,perunggu
1449,61,perunggu
315,61,perunggu
3339,61,perunggu
312,61,perunggu
2141,61,perunggu
4277,61,perunggu
2638,61,perunggu
1540,61,#4
709,61,#4
3121,61,#4
1612,61,#4
3115,61,#4
1011,61,#4
1141,61,#4
1103,61,#4
4794,61,#4
485,61,#4
593,61,#4
1100,61,#4
4666,61,#5
4410,61,#5
2601,61,#5
4706,61,#5
4652,61,#5
4742,61,#5
775,61,#5
4712,61,#5
4717,61,#5
4650,61,#5
3129,61,#5
3130,61,#5
2889,61,#6
2381,61,#6
79,61,#6
2763,61,#6
2989,61,#6
154,61,#6
2022,61,#6
2987,61,#6
2808,61,#6
2254,61,#6
3342,61,#6
2759,61,#6
596,61,#7
2250,61,#7
634,61,#7
3207,61,#7
156,61,#7
2788,61,#7
2787,61,#7
2121,61,#7
4132,61,#7
4384,61,#7
633,61,#7
3985,61,#7
708,61,#8
653,61,#8
452,61,#8
3472,61,#8
259,61,#8
1487,61,#8
2752,61,#8
4722,61,#8
591,61,#8
649,61,#8
2001,61,#8
1459,61,#8
2407,61,#9
2406,61,#9
4011,61,#9
3093,61,#9
3326,61,#9
2812,61,#9
458,61,#9
3385,61,#9
4019,61,#9
104,61,#9
511,61,#9
4760,61,#9
765,61,#10
2061,61,#10
2167,61,#10
4005,61,#10
405,61,#10
666,61,#10
1778,61,#10
2966,61,#10
3435,61,#10
1145,61,#10
1394,61,#10
1173,61,#10
1658,61,#11
282,61,#11
845,61,#11
1766,61,#11
3466,61,#11
2694,61,#11
279,61,#11
2530,61,#11
1198,61,#11
291,61,#11
1602,61,#11
2170,61,#11
1271,61,#12
4547,61,#12
3582,61,#12
2553,61,#12
555,61,#12
1230,61,#12
4480,61,#12
2628,61,#12
2158,61,#12
2643,61,#12
81,61,#12
1108,61,#12
3720,62,emas
1086,62,emas
4242,62,emas
4023,62,emas
3202,62,emas
3442,62,emas
3718,62,emas
3444,62,emas
3371,62,emas
3370,62,emas
3649,62,emas
4570,62,emas
4598,62,emas
2949,62,perak
3814,62,perak
2636,62,perak
2713,62,perak
2965,62,perak
2710,62,perak
418,62,perak
2959,62,perak
1960,62,perak
2115,62,perak
3026,62,perak
2395,62,perak
4461,62,perak
67,62,perunggu
2059,62,perunggu
2958,62,perunggu
181,62,perunggu
1621,62,perunggu
2660,62,perunggu
576,62,perunggu
1095,62,perunggu
177,62,perunggu
797,62,perunggu
3894,62,perunggu
3069,62,perunggu
1074,62,perunggu
4176,62,#4
930,62,#4
2428,62,#4
1254,62,#4
2986,62,#4
46,62,#4
1495,62,#4
1494,62,#4
4575,62,#4
1003,62,#4
4267,62,#4
524,62,#4
2946,62,#4
1232,62,#5
2398,62,#5
1034,62,#5
1120,62,#5
1789,62,#5
211,62,#5
3451,62,#5
4244,62,#5
3452,62,#5
2399,62,#5
1033,62,#5
379,62,#5
3585,62,#5
4499,62,#6
135,62,#6
264,62,#6
586,62,#6
3176,62,#6
2834,62,#6
2975,62,#6
4058,62,#6
3837,62,#6
1350,62,#6
4500,62,#6
144,62,#6
1115,62,#6
2851,62,#7
1406,62,#7
168,62,#7
4450,62,#7
336,62,#7
1405,62,#7
4580,62,#7
1546,62,#7
3394,62,#7
2640,62,#7
1109,62,#7
3040,62,#7
1506,62,#7
3382,62,#8
382,62,#8
3203,62,#8
782,62,#8
3356,62,#8
2451,62,#8
2729,62,#8
1852,62,#8
3046,62,#8
2857,62,#8
799,62,#8
614,62,#8
2053,62,#8
995,62,#9
2955,62,#9
3221,62,#9
2118,62,#9
254,62,#9
4601,62,#9
4212,62,#9
629,62,#9
1085,62,#9
4596,62,#9
1087,62,#9
4533,62,#9
3651,62,#9
883,62,#10
3775,62,#10
4497,62,#10
206,62,#10
1243,62,#10
4373,62,#10
3843,62,#10
1193,62,#10
3107,62,#10
3144,62,#10
3675,62,#10
1246,62,#10
1712,62,#10
2283,62,#11
4047,62,#11
4280,62,#11
919,62,#11
2208,62,#11
4427,62,#11
2379,62,#11
3230,62,#11
1752,62,#11
4776,62,#11
2306,62,#11
2327,62,#11
4471,62,#11
2945,62,#12
1407,62,#12
3009,62,#12
4484,62,#12
350,62,#12
351,62,#12
352,62,#12
3404,62,#12
4131,62,#12
4594,62,#12
4039,62,#12
2565,62,#12
3182,62,#12
2489,63,emas
1808,63,emas
414,63,emas
546,63,emas
3482,63,emas
3617,63,emas
1134,63,emas
3682,63,emas
2133,63,emas
3616,63,emas
2782,63,emas
3621,63,emas
2984,63,emas
1453,63,perak
2305,63,perak
1171,63,perak
670,63,perak
4120,63,perak
12,63,perak
786,63,perak
4121,63,perak
4817,63,perak
236,63,perak
3031,63,perak
952,63,perak
1473,63,perak
2485,63,perunggu
1798,63,perunggu
665,63,perunggu
3903,63,perunggu
2741,63,perunggu
4151,63,perunggu
582,63,perunggu
4591,63,perunggu
2378,63,perunggu
2574,63,perunggu
2632,63,perunggu
3467,63,perunggu
3992,63,perunggu
480,63,#4
2753,63,#4
4299,63,#4
3713,63,#4
1942,63,#4
2766,63,#4
2081,63,#4
3893,63,#4
1980,63,#4
2220,63,#4
1207,63,#4
2120,63,#4
278,63,#4
137,63,#5
1069,63,#5
4524,63,#5
1565,63,#5
1488,63,#5
3760,63,#5
664,63,#5
3819,63,#5
1068,63,#5
3350,63,#5
2225,63,#5
2431,63,#5
631,63,#5
1538,63,#6
813,63,#6
1526,63,#6
4128,63,#6
4162,63,#6
918,63,#6
1063,63,#6
3825,63,#6
4521,63,#6
879,63,#6
77,63,#6
1535,63,#6
752,63,#6
857,63,#7
1133,63,#7
1787,63,#7
3453,63,#7
2866,63,#7
1135,63,#7
195,63,#7
2884,63,#7
1126,63,#7
4534,63,#7
492,63,#7
2883,63,#7
1788,63,#7
1966,63,#8
3721,63,#8
509,63,#8
1229,63,#8
2922,63,#8
611,63,#8
4543,63,#8
1183,63,#8
1646,63,#8
4057,63,#8
2368,63,#8
4072,63,#8
872,63,#8
3140,63,#9
2468,63,#9
4519,63,#9
700,63,#9
2650,63,#9
3555,63,#9
2169,63,#9
498,63,#9
1186,63,#9
706,63,#9
4414,63,#9
494,63,#9
3593,63,#9
4618,63,#10
4155,63,#10
2003,63,#10
1082,63,#10
3705,63,#10
4668,63,#10
4715,63,#10
1707,63,#10
4796,63,#10
3955,63,#10
4653,63,#10
2004,63,#10
4709,63,#10
4831,64,perunggu
4875,64,#13
4880,64,#13
4888,65,#14
4778,66,perunggu
4972,68,#5
4940,69,#4
4903,69,#5
4904,69,#19
4978,70,#9
4960,70,#19
4845,71,#9
5020,72,#5
4857,74,emas
4948,74,#9
4945,75,#5
4947,76,#17
4859,77,#9
4918,78,perunggu
4926,79,#17
4962,81,perunggu
2618,83,perak
5012,83,#9
4829,85,perunggu
4638,86,emas
4640,86,perunggu
529,86,#5
3065,86,#6
3137,86,#7
1924,86,#8
3970,86,#9
4365,86,#9
3027,86,#9
4434,86,#9
584,86,#9
4675,86,#9
1014,86,#17
2088,86,#17
892,86,#17
4615,86,#17
4812,86,#17
1341,86,#17
2181,86,#17
165,86,#17
1436,86,#17
4736,86,#17
818,86,#17
186,86,#17
1757,86,#33
4284,86,#33
357,86,#33
3690,86,#33
4878,86,#33
4806,86,#33
681,86,#33
4302,86,#33
725,86,#33
1925,86,#33
194,86,#33
25,86,#33
969,86,#33
4124,87,emas
4638,87,emas
3166,87,perak
739,87,perunggu
388,87,#4
1014,87,#4
2181,87,#5
3065,87,#7
142,87,#8
3027,87,#8
4656,87,#9
4675,87,#9
3970,87,#9
2604,87,#9
529,87,#9
1020,87,#9
817,87,#9
4736,87,#9
3137,87,#9
1447,87,#17
686,87,#19
186,87,#19
4878,87,#25
4124,88,emas
4248,88,perak
2604,88,perunggu
1718,88,#4
1020,88,#5
142,88,#6
993,88,#7
3099,88,#9
594,88,#9
3166,88,#9
817,88,#9
1986,88,#9
290,88,#17
749,88,#17
739,88,#17
733,88,#17
4259,88,#17
3787,88,#17
686,88,#17
3712,88,#17
785,88,#17
4656,88,#17
3703,88,#33
2260,88,#33
388,88,#33
4704,88,#33
3644,88,#33
4263,88,#33
4482,88,#33
3493,88,#33
450,88,#33
1948,88,#33
376,88,#33
1447,88,#33
2506,88,#33
319,88,#33
4105,89,emas
632,89,perak
3884,89,perunggu
1762,89,#4
2035,89,#5
920,89,#6
1878,89,#7
3512,89,#8
3038,89,#10
4765,89,#11
742,89,#13
3612,89,#14
1424,89,#15
1393,89,#16
3781,89,#17
3459,89,#18
2936,89,#19
1353,89,#20
98,89,
1961,89,
669,89,
2730,89,
4855,89,
1235,89,
2041,89,
4399,89,
3477,89,
3419,89,
3943,89,
2641,89,
3372,89,
3591,89,
1878,90,perunggu
1762,90,#4
2730,90,#6
3753,90,#7
632,90,#8
3943,90,
2936,90,
4765,90,
3781,90,
4784,90,
4356,90,
3459,90,
2035,90,
1353,90,
4229,90,
52,90,
3038,90,
2641,90,
2635,90,
477,90,
1732,90,
344,90,
3403,90,
3719,90,
4612,90,
4272,90,
1359,90,
3512,90,
2005,90,
4283,90,
4678,90,
2662,90,
3477,90,
3419,90,
920,90,
4628,90,
2296,90,
742,90,
2973,90,
4855,90,
3076,90,
1637,90,
1235,90,
4399,90,
3372,90,
1961,90,
1393,90,
3612,90,
4105,90,
98,90,
2041,90,
669,90,
718,90,
3360,90,
3884,90,
3591,90,
2716,90,
1424,90,
1748,90,
4105,91,emas
632,91,perunggu
4283,91,#7
2005,91,
2296,91,
3038,91,
920,91,
2035,91,
1359,91,
2662,91,
2936,91,
3753,91,
3781,91,
3372,91,
344,91,
4765,91,
4784,91,
1762,91,
4272,91,
669,91,
1878,91,
1732,91,
1748,91,
718,91,
742,91,
1235,91,
1424,91,
1637,91,
1393,91,
2041,91,
3719,91,
3360,91,
3419,91,
4678,91,
4229,91,
3884,91,
4399,91,
2641,91,
3943,91,
2730,91,
4628,91,
3512,91,
3076,91,
3591,91,
2973,91,
3403,91,
477,91,
98,91,
1961,91,
3459,91,
52,91,
4855,91,
1353,91,
3477,91,
4612,91,
3612,91,
4356,91,
2716,91,
2635,91,
2005,92,emas
1762,92,perak
4105,92,perunggu
632,92,#4
1359,92,#5
4612,92,#6
2716,92,#7
3512,92,#8
2973,92,
4229,92,
1961,92,
1748,92,
669,92,
2635,92,
3038,92,
3612,92,
2936,92,
3753,92,
2641,92,
718,92,
1235,92,
1732,92,
4765,92,
4356,92,
3943,92,
4283,92,
52,92,
2041,92,
4784,92,
3419,92,
3403,92,
3372,92,
4855,92,
3884,92,
1424,92,
4628,92,
2730,92,
2296,92,
1637,92,
742,92,
4678,92,
2662,92,
920,92,
3781,92,
3477,92,
4399,92,
344,92,
4272,92,
3719,92,
1878,92,
477,92,
1393,92,
3076,92,
3459,92,
2035,92,
1353,92,
3591,92,
3360,92,
98,92,
4229,93,perunggu
3076,93,#4
3512,93,#5
4283,93,#6
2635,93,#8
4784,93,
3459,93,
4105,93,
2730,93,
1637,93,
718,93,
3591,93,
3943,93,
1393,93,
1235,93,
3884,93,
1748,93,
4612,93,
1961,93,
742,93,
3719,93,
4765,93,
2973,93,
669,93,
4628,93,
4272,93,
2936,93,
2716,93,
1424,93,
3612,93,
1732,93,
98,93,
52,93,
2041,93,
477,93,
1359,93,
3753,93,
3038,93,
1353,93,
1762,93,
3360,93,
1878,93,
3781,93,
344,93,
3372,93,
4855,93,
2662,93,
632,93,
2005,93,
3419,93,
3403,93,
2296,93,
4399,93,
4678,93,
2641,93,
4932,93,
2035,93,
3477,93,
4356,93,
920,93,
4678,94,emas
2005,94,perak
52,94,#5
1637,94,#7
4612,94,
1424,94,
98,94,
920,94,
3372,94,
3884,94,
1235,94,
3943,94,
3591,94,
1732,94,
718,94,
2635,94,
2041,94,
2973,94,
3753,94,
3459,94,
344,94,
3360,94,
2035,94,
4229,94,
3419,94,
4784,94,
1762,94,
2296,94,
3076,94,
669,94,
1748,94,
4765,94,
3477,94,
3512,94,
742,94,
3038,94,
4356,94,
1393,94,
477,94,
3403,94,
1878,94,
4105,94,
4628,94,
2716,94,
3719,94,
3612,94,
4272,94,
2730,94,
2936,94,
1359,94,
1961,94,
1353,94,
2641,94,
4283,94,
632,94,
3781,94,
4855,94,
4399,94,
2662,94,
1637,95,perunggu
1878,95,#4
3360,95,#6
1748,95,#8
632,95,
3591,95,
3781,95,
1762,95,
3038,95,
4784,95,
2635,95,
4612,95,
344,95,
2041,95,
477,95,
3719,95,
3512,95,
2035,95,
1961,95,
4628,95,
2662,95,
3419,95,
920,95,
3403,95,
2973,95,
3612,95,
1359,95,
4765,95,
1424,95,
4678,95,
1393,95,
3884,95,
3943,95,
2005,95,
4855,95,
3459,95,
718,95,
52,95,
4229,95,
4356,95,
1732,95,
3477,95,
4283,95,
1235,95,
4272,95,
2730,95,
2641,95,
2936,95,
669,95,
2716,95,
98,95,
742,95,
3372,95,
4105,95,
4399,95,
2296,95,
3076,95,
1353,95,
3753,95,
4146,96,emas
3756,96,perak
4253,96,perunggu
231,96,#4
1181,96,#6
3704,96,#7
1382,96,#9
3336,96,#10
3811,96,#11
233,96,#12
3877,96,#13
2817,96,#14
1640,96,#15
4775,96,#16
311,96,#17
1480,96,#18
505,96,#19
274,96,#22
5013,96,
4941,96,
1865,96,
4768,96,
499,96,
2575,96,
2580,96,
1222,96,
2077,96,
1150,96,
4413,96,
2810,96,
2387,96,
4175,96,
3876,96,
3113,96,
4999,96,
3274,96,
231,97,emas
4686,97,perak
2817,97,perunggu
3756,97,#4
4146,97,#5
4253,97,#6
2150,97,#7
3902,97,#8
1866,97,
1181,97,
1518,97,
3961,97,
347,97,
2931,97,
1480,97,
4708,97,
549,97,
2257,97,
505,97,
3113,97,
4941,97,
650,97,
986,97,
2575,97,
372,97,
5013,97,
3877,97,
1640,97,
311,97,
1706,97,
3876,97,
3210,97,
3811,97,
4999,97,
2580,97,
274,97,
233,97,
4175,97,
1382,97,
4053,97,
3336,97,
2077,97,
37,97,
4775,97,
2645,97,
3274,97,
3704,97,
744,97,
2810,97,
3965,97,
1222,97,
4413,97,
1865,97,
1678,97,
889,97,
4076,97,
499,97,
2387,97,
1150,97,
1048,97,
4768,97,
1212,97,
3756,98,emas
4146,98,perak
311,98,perunggu
3902,98,#4
2077,98,#5
231,98,#6
3811,98,#7
4775,98,#8
2817,98,#9
2931,98,
1181,98,
274,98,
4076,98,
2575,98,
499,98,
650,98,
2387,98,
2580,98,
1480,98,
4175,98,
2810,98,
1518,98,
1212,98,
2257,98,
505,98,
4053,98,
3274,98,
1048,98,
233,98,
3210,98,
372,98,
3336,98,
4941,98,
347,98,
37,98,
4999,98,
2645,98,
1150,98,
1706,98,
3965,98,
744,98,
1678,98,
3961,98,
3113,98,
2150,98,
1865,98,
4708,98,
3876,98,
3704,98,
1382,98,
4413,98,
5013,98,
986,98,
4686,98,
4768,98,
549,98,
1222,98,
1640,98,
3877,98,
1866,98,
889,98,
4253,98,
3704,99,perak
4253,99,perunggu
231,99,#5
549,99,#7
4708,99,#8
1048,99,
274,99,
650,99,
3336,99,
1706,99,
5013,99,
4999,99,
4775,99,
1866,99,
3902,99,
372,99,
2931,99,
311,99,
1222,99,
3113,99,
3756,99,
4175,99,
2810,99,
2387,99,
889,99,
4146,99,
2817,99,
2077,99,
986,99,
499,99,
233,99,
1640,99,
347,99,
1518,99,
1181,99,
3811,99,
3876,99,
1382,99,
2645,99,
3210,99,
744,99,
2575,99,
2150,99,
1678,99,
1480,99,
1212,99,
2257,99,
3274,99,
505,99,
4413,99,
1150,99,
37,99,
3961,99,
4941,99,
4686,99,
4768,99,
4053,99,
1865,99,
3877,99,
2580,99,
4076,99,
3965,99,
4146,100,emas
3756,100,perak
1866,100,perunggu
1181,100,#6
4053,100,#7
4076,100,#8
1706,100,
274,100,
1678,100,
505,100,
1865,100,
5013,100,
4775,100,
4708,100,
4999,100,
3902,100,
1222,100,
1150,100,
744,100,
2580,100,
4253,100,
2387,100,
3113,100,
372,100,
4686,100,
1048,100,
347,100,
4413,100,
3877,100,
3210,100,
2810,100,
231,100,
2257,100,
3704,100,
2575,100,
1382,100,
549,100,
499,100,
233,100,
4941,100,
4768,100,
37,100,
2817,100,
311,100,
2645,100,
3336,100,
889,100,
3274,100,
4175,100,
1518,100,
3876,100,
986,100,
3965,100,
3811,100,
2150,100,
650,100,
2931,100,
1640,100,
3961,100,
1480,100,
1212,100,
2077,100,
2619,101,emas
3700,101,emas
250,101,#7
1797,101,#7
3238,101,#8
4453,101,#8
496,101,#9
1861,101,#9
1875,101,#10
3103,101,#10
3491,101,#12
2019,101,#12
322,101,#14
3848,101,#14
3316,101,#15
1613,101,#15
736,101,#16
2358,101,#16
2592,101,
2695,101,
4898,102,#10
4848,102,#23
2377,103,perak
1421,103,perunggu
109,103,#4
2465,103,#5
2563,103,#6
2325,103,#7
3499,103,#8
21,103,
3838,103,
4936,103,
2109,103,
3,103,
1233,103,
3896,103,
4803,103,
3570,103,
22,103,
4977,103,
3635,103,
1253,103,
1338,103,
42,103,
573,103,
1349,103,
2648,103,
333,103,
2107,103,
4092,103,
4801,103,
2286,103,
1954,103,
4883,105,
4889,105,
4852,105,
2563,106,emas
2325,106,perak
2099,106,#7
333,106,
5001,106,
2390,106,
1375,106,
4092,106,
654,106,
4801,106,
3,106,
2109,106,
3777,106,
3892,106,
3572,106,
696,106,
657,107,emas
692,107,perak
266,107,perunggu
3005,107,#4
1298,107,#5
501,107,#9
2176,107,#10
992,107,#11
3790,107,#12
3795,107,#14
852,107,#19
2773,107,#29
1055,107,#34
568,107,#46
771,107,
4984,107,
4862,108,perunggu
4938,108,#5
3055,109,perak
3307,109,perunggu
1952,109,#4
850,109,#6
3942,109,#7
688,109,
1929,109,
1090,109,
815,109,
2665,109,
545,109,
2738,109,
3517,109,
2671,109,
778,109,
4756,109,
1434,109,
188,109,
1511,109,
2328,109,
4790,109,
2602,109,
2071,109,
3732,110,emas
4846,110,#6
3017,110,
1316,110,
167,110,
1192,110,
4996,110,
4887,111,#14
4851,111,
4889,111,
4850,111,
4839,112,
4861,112,
4900,112,
4864,112,
4877,115,
5023,118,
4980,119,#6
5007,119,#66
4849,119,
4856,122,
4069,124,perak
3118,124,perunggu
967,124,#4
4488,124,#5
3294,124,#6
4375,124,#7
2910,124,#8
3740,124,
1472,124,
1860,124,
4015,124,
1315,124,
3167,124,
1768,124,
1001,124,
3862,124,
1167,124,
2528,124,
4792,124,
4395,124,
1036,124,
3923,124,
1513,124,
3764,124,
497,124,
2742,124,
652,124,
2762,124,
4997,125,#7
4869,125,
4924,126,#9
4930,126,#11
4893,126,
1456,127,emas
1036,127,#4
967,127,#5
1337,127,#6
1977,127,#8
1860,127,
4303,127,
4468,127,
2432,127,
2910,127,
1663,127,
925,127,
1874,127,
4954,127,
1770,127,
3294,127,
2556,127,
2742,127,
1472,127,
497,127,
4871,127,
1993,128,emas
2886,128,perak
1940,128,perunggu
3949,128,#4
139,128,#5
1541,128,#6
911,128,#10
2739,128,#14
882,128,#15
2366,128,#16
4592,128,#18
5018,128,#24
1160,128,#27
4017,128,#28
3759,128,#31
3821,128,#33
1608,128,#37
3693,128,#41
430,128,
4957,129,
3341,130,perunggu
3788,130,#4
285,130,#5
216,130,#6
1667,130,#8
2196,130,
4087,130,
4830,130,
2511,130,
4820,130,
2524,130,
2177,130,
3868,130,
1169,130,
4203,130,
2573,130,
234,130,
3575,130,
4185,130,
4566,130,
1661,130,
4261,131,emas
1357,131,perunggu
4098,131,#6
4024,131,#7
2652,131,#8
4691,131,
4994,131,
275,131,
1620,131,
4079,131,
2597,131,
3335,131,
754,131,
4921,132,
4893,133,
4835,133,
921,133,
3861,133,
4914,136,#12
4965,137,
4913,138,
4868,139,#8
4922,139,
4746,142,
4868,143,#7
4874,144,perak
4874,145,#31
4976,148,#36
4976,149,#17
4915,150,#10
3067,150,#13
1562,150,#13
4915,151,#16
1853,152,emas
3072,152,emas
566,152,perak
3948,152,perak
4901,152,#4
2860,152,#4
3074,152,#5
4436,152,#5
4834,152,#8
719,152,#9
3834,152,#9
3677,152,#10
4141,152,#10
2956,152,#11
2951,152,#11
1604,152,#14
2437,152,#14
4886,152,#15
331,152,#16
4600,152,#16
4411,152,#17
1064,152,#17
3514,152,#18
1751,152,#18
3209,152,#19
4886,153,perak
4931,153,#4
4901,153,#12
1064,153,#21
4834,153,#25
4866,153,#29
4927,154,#4
4927,155,#11
2605,156,emas
238,156,emas
4291,156,perak
242,156,perak
3626,156,perunggu
2138,156,perunggu
3480,156,perunggu
3983,156,perunggu
3629,156,#6
1166,156,#7
268,156,#7
2245,156,#12
403,156,#12
905,156,#15
3346,156,#15
730,156,#16
3987,156,#16
2893,156,#18
397,156,#18
4956,156,#19
2605,157,emas
4291,157,perak
4956,157,#4
3324,157,#5
242,157,#6
3198,157,#9
4328,157,#10
3128,157,#13
1059,157,#18
3810,157,#22
1268,157,#31
1653,157,#35
4953,161,#17
4991,162,perunggu
4872,162,#23
4890,163,#31
1372,164,perak
5004,164,#18
4865,164,#32
5004,165,#23
4865,165,
826,166,perunggu
4928,166,#12
3174,166,#13
4314,166,#19
2410,167,emas
826,167,#15
4556,167,#27
4928,167,#45
1148,167,#54
1632,168,emas
3058,168,perak
3050,168,perunggu
1836,168,#4
4104,168,#4
2666,168,#9
1605,168,#11
1935,168,#13
1886,168,#16
3399,168,#16
3696,168,#19
4042,168,#19
3083,168,#23
4739,168,#27
3750,168,#27
2218,168,
4147,169,perak
3439,169,perunggu
6,169,#4
707,169,#4
5002,169,#8
3528,169,#9
2594,169,#10
1327,169,#10
4363,169,#11
577,169,#11
3931,169,#12
2310,169,#12
3019,169,#13
3146,169,#13
577,170,emas
1327,170,perunggu
5002,170,#4
6,170,#5
4394,170,#7
1278,170,#8
3439,170,#10
3931,170,#14
4989,170,#18
1089,170,#19
1632,171,emas
3058,171,perak
1836,171,perunggu
1935,171,#4
4777,171,#6
1605,171,#7
2218,171,#7
2537,171,#10
3750,171,#14
2666,171,#18
4042,171,#19
4739,171,#20
4492,171,#21
3399,171,#22
3083,171,#24
3696,171,#28
1174,172,emas
1677,172,perak
1215,172,perunggu
2284,172,#4
1217,172,#5
2735,172,#6
2527,172,#7
4214,172,#10
3761,172,#12
4749,172,#13
2622,172,#13
2521,172,#16
2317,172,#16
2962,172,#19
829,172,#23
4761,172,#27
4505,172,#27
4588,173,emas
811,173,emas
1146,173,perak
1949,173,#4
2587,173,#4
2939,173,#5
869,173,#5
685,173,#8
1208,173,#8
1478,173,#9
200,173,#9
1420,173,#13
2540,173,#13
453,173,#15
2765,173,#15
1949,174,emas
257,174,perunggu
1478,174,#5
2765,174,#9
2562,174,#13
4518,174,#16
4764,174,#17
1420,174,#18
1174,175,emas
2527,175,perak
1215,175,perunggu
1677,175,#4
4186,175,#5
1217,175,#6
2317,175,#8
4070,175,#11
2521,175,#13
4214,175,#14
2735,175,#15
4761,175,#19
4085,175,#22
2962,175,#23
3450,175,#25
829,175,#27
2622,175,
5024,176,#20
4899,179,#6
5017,180,#8
5016,181,#6
5017,182,#5
2388,184,emas
4682,184,perak
3248,184,perunggu
4380,184,#4
1343,184,#5
3886,184,#6
3000,184,#7
1492,184,#9
3842,184,#10
980,184,#11
2299,184,#12
1178,184,#14
339,184,#15
1550,184,#16
3008,184,#17
2701,184,#18
3874,184,#21
3261,184,#22
1410,184,#23
2978,184,#28
2011,184,#29
4511,184,#31
1880,184,#32
2776,184,#33
1373,185,perak
3396,185,perunggu
2294,185,#4
3251,185,#5
1244,185,#6
1579,185,#7
3079,185,#8
4451,185,#9
2443,185,#10
191,185,#11
1490,185,#13
4814,185,#15
16,185,#16
4285,185,#18
1994,185,#21
1599,185,#22
3085,185,#23
119,185,#24
3156,185,#25
2166,185,#28
1895,185,#29
613,185,#30
939,185,#32
68,185,#34
3956,186,emas
2702,186,perunggu
4807,186,#4
3244,186,#6
1332,186,#8
4041,186,#10
2661,186,#11
635,186,#12
224,186,#13
3229,186,#14
3957,186,#15
915,186,#16
1137,186,#17
466,186,#18
888,186,#19
3160,186,#20
3080,186,#21
53,186,#22
636,186,#24
332,186,#25
3263,186,#28
4091,186,#29
3262,186,#33
1413,186,#34
503,187,perak
131,187,#5
4123,187,#6
4595,187,#7
3520,187,#8
2908,187,#9
4055,187,#10
899,187,#11
1595,187,#12
406,187,#13
240,187,#15
4716,187,#17
1531,187,#18
3864,187,#21
2868,187,#22
1724,187,#23
3780,187,#25
4728,187,#26
2182,187,#27
2990,187,#28
1097,187,#29
510,187,#30
3338,187,#31
4109,187,#34
2534,188,emas
2517,188,perak
1132,188,perunggu
235,188,#4
456,188,#5
2982,188,#6
2152,188,#9
1975,188,#10
3631,188,#11
3698,188,#12
1293,188,#13
4767,188,#16
803,188,#17
1859,188,#18
4054,188,#19
4754,188,#20
4687,188,#21
2237,188,#22
4779,188,#24
2802,188,#27
4732,188,#28
3978,188,#29
1614,188,#30
2988,188,#31
2819,189,emas
3979,189,perak
3523,189,perunggu
4043,189,#4
1649,189,#6
2667,189,#7
399,189,#8
3225,189,#9
763,189,#11
2013,189,#12
2623,189,#13
1164,189,#18
2981,189,#19
4304,189,#21
2758,189,#22
3159,189,#23
812,189,#25
245,189,#26
3817,189,#27
4100,189,#29
4951,189,#30
3519,189,#32
3977,189,#33
4821,189,#34
772,189,#36
5026,190,#18
4860,190,#35
4917,190,#40
4905,190,#49
5000,191,#13
4897,191,#29
1758,192,perak
3659,192,perunggu
3306,192,perunggu
3457,192,#5
3149,192,#7
9,192,#7
4071,192,#9
500,192,#9
4825,192,#9
1475,192,#9
3492,192,#9
5,192,#17
2549,192,#17
60,192,#17
1544,192,#17
148,192,#17
4697,193,emas
2715,193,perak
3897,193,perunggu
3917,193,#5
1515,193,#5
4636,193,#7
4674,193,#9
334,193,#9
460,193,#9
4466,193,#17
1070,193,#17
1680,194,emas
4630,194,perak
1588,194,perunggu
4241,194,#5
4609,194,#5
540,194,#7
4536,194,#9
567,194,#9
539,194,#9
3043,194,#9
541,194,#9
3264,194,#17
973,194,#17
4847,194,#17
3293,194,#17
4009,194,#17
2017,195,perak
4895,195,perunggu
4172,195,perunggu
2825,195,#5
4979,195,#5
469,195,#7
1247,195,#7
3941,195,#9
3924,195,#9
1749,195,#9
4426,195,#9
3303,195,#9
935,195,#17
4894,195,#17
2478,195,#17
953,195,#17
4884,195,#17
4287,196,emas
4305,196,perak
2075,196,perunggu
435,196,#5
1414,196,#7
4090,196,#7
4605,196,#9
1577,196,#9
262,196,#9
493,196,#9
3906,196,#9
1416,196,#9
4902,196,#9
4537,196,#9
445,196,#17
4398,196,#17
40,196,#17
4867,196,#17
4987,196,#17
4844,196,#33
2477,197,emas
3966,197,perak
3077,197,perunggu
3724,197,#5
4479,197,#5
2197,197,#7
3369,197,#9
1113,197,#17
2430,197,#17
841,197,#17
3478,197,#17
3181,197,#17
983,197,#17
4322,198,emas
3213,198,perak
251,198,perunggu
4308,198,#5
1251,198,#9
1735,198,#9
3728,198,#17
4483,198,#17
1939,198,#17
3357,199,emas
523,199,perak
4108,199,perunggu
2499,199,#5
34,199,#5
487,199,#7
2264,199,#9
3197,199,#9
2351,199,#9
2262,199,#17
4107,199,#17
1725,199,#17
4485,199,#17
1043,200,emas
2475,200,perunggu
281,200,perunggu
3501,200,#5
3773,200,#5
3003,200,#7
1471,200,#7
4508,200,#9
4193,200,#9
2311,200,#17
454,200,#17
4700,200,#17
836,201,emas
3205,201,perak
1639,201,perunggu
3996,201,perunggu
3730,201,#5
1277,201,#5
2903,201,#7
1238,201,#7
3633,201,#9
4396,201,#9
4115,201,#9
3296,201,#17
4551,201,#17
2159,201,#17
876,202,perunggu
2657,202,#5
2012,202,#7
755,202,#7
2335,202,#9
4268,202,#9
3191,202,#9
2023,202,#9
909,202,#17
1276,202,#17
1510,202,#17
4025,202,#17
1265,202,#17
3218,203,perak
3154,203,perunggu
99,203,#5
3964,203,#5
3911,203,#7
2906,203,#7
3089,203,#9
2365,203,#9
1586,203,#9
4265,203,#17
4959,203,#17
1365,203,#17
228,204,emas
1775,204,perak
398,204,#5
3804,204,#5
1591,204,#7
2749,204,#9
1726,204,#9
2355,204,#9
1799,204,#9
548,205,emas
3754,205,perak
1650,205,perunggu
3847,205,perunggu
2293,205,#5
3199,205,#5
115,205,#7
4192,205,#9
59,205,#9
2943,205,#9
317,205,#17
2772,205,#17
3783,205,#17
490,205,#17
2224,205,#17
1575,206,
722,206,
4937,206,
4963,207,#13
4935,208,emas
4998,210,#20
5021,211,#12
4933,211,#16
5014,213,#5
1395,214,#4
1397,214,#4
4841,215,#21
4838,215,#33
329,216,perak
4144,216,perak
1786,217,perak
3867,217,perak
4958,217,#7
4950,217,#8
4993,217,#13
5015,218,#19
4912,218,#24
4982,218,#32
4981,221,#20
4983,224,#7
4920,225,#15
4910,225,#36
4923,230,#16
5019,231,#17
4923,231,#23
4943,231,#35
5019,235,#20
4923,235,#26
4870,235,#32
4967,237,#11
4968,240,#11
4968,241,#25
5005,242,#14
4911,243,emas
4988,244,#19
4881,248,#6
5006,248,#7
4942,250,#4
4990,252,#9
4364,254,emas
1992,254,perak
3890,254,perunggu
444,254,#4
1713,254,#6
4719,254,#7
3525,254,#8
1708,254,#10
1717,254,#11
2433,254,#12
616,254,#16
3845,254,#17
3511,254,#18
45,254,#19
1916,254,#20
2211,254,#21
1803,254,#21
3161,254,#23
4879,254,#28
2136,254,#30
3808,254,#31
587,254,#36
4992,254,#46
3428,255,emas
47,255,perak
3380,255,perak
3124,255,#4
2674,255,#5
1600,255,#7
743,255,#8
1891,255,#11
2112,255,#12
783,255,#14
587,255,#15
3851,255,#16
1985,255,#17
1065,255,#18
4289,255,#19
367,255,#20
1896,255,#22
4906,255,#27
4854,255,#30
2111,256,perak
1765,256,perunggu
3078,256,#5
3497,256,#6
3061,256,#7
3332,256,#8
556,256,#9
4135,256,#10
1882,256,#11
1460,256,#12
690,256,#13
884,256,#14
2282,256,#15
1708,256,#16
4368,256,#18
1985,256,#19
4448,256,#21
1885,256,#23
2937,256,#25
774,256,#26
4896,256,#29
4799,257,emas
2440,257,perak
3328,257,#4
3078,257,#5
2106,257,#6
1835,257,#7
833,257,#8
164,257,#9
1576,257,#10
2111,257,#11
3057,257,#12
353,257,#14
4540,257,#16
4254,257,#17
1856,257,#18
4060,257,#19
927,257,#20
4448,257,#21
1626,257,#22
3723,257,#23
4771,257,#29
2845,257,#35
1882,257,#36
5008,257,#37
609,257,#40
4896,257,#41
4892,257,#58
4937,258,#6
2620,258,#9
1032,258,#19
722,258,#22
1708,259,emas
444,259,perak
3845,259,perunggu
1713,259,#6
2722,259,#8
4364,259,#9
3890,259,#10
2136,259,#11
3525,259,#12
4885,259,#13
4719,259,#16
2433,259,#17
616,259,#19
2211,259,#23
1992,259,#29
2548,260,emas
743,260,perunggu
2112,260,#8
1600,260,#10
1255,260,#13
1896,260,#20
2548,261,emas
1765,261,perunggu
5010,261,#8
4368,261,#10
1499,261,#12
3405,261,#18
3061,261,#23
3057,262,perak
2728,262,perunggu
1081,262,#4
2722,262,#5
927,262,#5
3086,262,#7
2282,262,#8
4254,262,#9
4371,262,#10
4639,262,#12
1374,262,#13
166,262,#14
3726,262,#15
1006,262,#16
434,262,#17
4540,262,#18
833,262,#19
4799,262,#22
4662,262,#23
3328,262,#26
1575,262,#26
2548,263,emas
1081,263,perak
737,263,#4
4431,263,#5
5010,263,#6
1377,263,#8
4371,263,#11
3851,263,#12
1956,263,#13
1713,263,#24
2722,264,emas
1143,264,perak
4639,264,perunggu
1575,264,#5
2620,264,#6
4833,264,#8
4937,264,#9
927,264,#10
2359,264,#11
4800,264,#12
434,264,#23
1116,264,#28
5011,264,#35
2548,265,emas
737,265,perunggu
5010,265,#5
4800,265,#10
4937,266,#4
1143,266,#8
2620,266,#10
722,266,#18
1575,266,#20
4800,266,#21
1032,266,#26
2291,267,emas
3767,267,perak
2265,267,perunggu
2442,267,#4
1791,267,#5
1782,267,#6
1225,267,#7
589,267,#8
4669,267,#11
2560,267,#12
2740,267,#13
2375,267,#14
2651,267,#15
951,267,#16
51,267,#17
2269,267,#18
3699,268,perak
3270,268,perunggu
570,268,#4
2583,268,#4
380,268,#6
4331,268,#10
4020,268,#12
4189,268,#13
326,268,#17
4184,268,#18
391,268,#20
1060,268,#21
1944,268,#22
1228,268,#23
1236,268,#25
4467,269,emas
1568,269,perak
4750,269,perunggu
378,269,#4
2865,269,#5
1220,269,#6
3236,269,#7
2651,269,#8
2915,269,#9
3805,269,#12
209,269,#13
4335,269,#15
2301,269,#16
401,269,#19
904,269,#21
1172,269,#22
4582,269,#32
4004,270,emas
4467,270,perak
4152,270,perunggu
3266,270,#4
4095,270,#5
2179,270,#6
2967,270,#7
1568,270,#8
3701,270,#9
2915,270,#10
395,270,#11
3164,270,#12
3376,270,#14
589,270,#16
2865,270,#17
2402,270,#20
5027,270,#28
2276,271,emas
324,271,perak
1807,271,perunggu
605,271,#5
822,271,#9
1307,271,#12
2466,271,#17
2291,272,emas
3767,272,perak
2442,272,perunggu
1225,272,#9
4919,272,#14
1290,272,#15
326,272,#16
2869,272,#20
51,272,#24
2255,273,emas
4331,273,perunggu
4020,273,#4
2583,273,#8
1944,273,#10
3270,273,#11
1170,273,#12
4346,273,#19
4189,273,#20
1236,273,#22
4251,274,emas
3767,274,perak
4750,274,perunggu
184,274,#6
4836,274,#7
2301,274,#9
4964,274,#11
1688,274,#13
3266,275,emas
457,275,perak
4152,275,perunggu
2995,275,#4
2179,275,#5
1257,275,#7
868,275,#8
1260,275,#9
605,275,#10
2878,275,#11
4955,275,#12
2582,275,#14
2148,275,#17
2525,275,#19
3454,275,#31
4251,276,emas
2255,276,perak
2291,276,perunggu
4714,276,#4
10,276,#5
1170,276,#7
326,276,#9
1172,276,#13
787,276,#16
1429,276,#18
2967,276,#20
2525,276,#28
457,277,emas
4251,277,perak
2276,277,perunggu
1257,277,#4
1807,277,#5
3578,277,#6
2878,277,#7
605,277,#9
4694,277,#10
4607,277,#11
108,277,#13
324,277,#15
1455,277,#16
1307,277,#17
4929,277,#18
4251,278,emas
1429,278,#4
1170,278,#5
1172,278,#8
326,278,#10
1168,278,#11
4925,278,#13
4004,279,emas
3096,279,perak
4750,279,perunggu
1568,279,#4
2252,279,#5
3376,279,#6
3701,279,#7
4095,279,#8
3164,279,#9
395,279,#10
589,279,#11
4315,279,#13
3981,279,#14
2162,279,#16
4349,279,#17
2362,279,#18
4149,279,#18
2402,279,#20
951,279,#21
3662,279,#24
4873,279,#34
4966,279,#56
4891,279,#72
4946,279,#77
2276,280,emas
457,280,perak
3578,280,perunggu
1807,280,#5
2466,280,#6
324,280,#7
1257,280,#8
605,280,#9
2878,280,#10
822,280,#11
1307,280,#12
108,280,#13
4929,280,#14
4802,281,emas
4481,281,perak
1354,281,perunggu
1710,281,#4
3539,281,#5
4454,281,#5
4637,281,#5
4766,281,#5
963,281,#9
804,281,#9
217,281,#9
330,281,#9
1031,281,#9
4117,281,#9
354,281,#17
2068,281,#17
4586,281,#17
429,281,#17
1004,281,#17
5009,281,#17
4449,281,#17
929,281,#17
858,281,#17
4086,281,#33
4378,281,#33
917,281,#33
1631,281,#33
3246,281,#33
2854,281,#33
3389,281,#33
1379,281,#33
1118,281,#33
858,282,emas
4711,282,emas
2073,282,perunggu
4743,282,perunggu
1693,282,#4
585,282,#5
2416,282,#5
846,282,#5
4766,282,#5
4269,282,#5
3389,282,#9
3212,282,#9
4586,282,#9
676,282,#9
3539,282,#9
1037,282,#9
217,282,#9
1984,282,#9
929,282,#9
3464,282,#9
4454,282,#9
1684,282,#9
3126,283,emas
4711,283,perak
1684,283,perunggu
4743,283,#4
1727,283,#5
3231,283,#5
4201,283,#9
3343,283,#9
2816,283,#9
4909,283,#9
585,283,#9
1984,283,#9
2588,283,#9
2590,283,#17
1037,283,#17
3464,283,#17
3692,283,#17
1161,283,#17
676,283,#17
307,283,#17
805,283,#17
4486,283,#33
1693,283,#33
1609,283,#33
3212,283,#33
1995,283,#33
846,283,#33
3551,283,#33
4257,283,#33
4657,283,#33
1533,283,#33
3120,283,#33
2253,283,#33
4907,284,#5
4939,285,#11
4853,287,#7
4995,287,#11
4908,288,#9
4858,288,#11
4882,292,#4
5025,292,#9
5025,293,#33
4971,295,#17
4971,296,#33
2802,298,#16
187,299,emas
1645,299,perak
2545,299,perunggu
3676,299,#4
4530,299,#5
3793,299,#6
3053,299,#7
134,299,#8
3178,299,#10
2415,299,#12
1505,299,#14
4552,299,#17
4389,299,#18
1092,299,#19
2481,299,#21
258,299,#23
3228,299,#26
4066,299,#29
172,299,#30
3273,299,#31
436,299,#32
4417,299,#33
906,299,#39
3075,299,#40
3798,299,#44
2818,299,#45
2731,299,#46
446,299,#47
4916,299,#49
3940,299,
745,300,emas
2161,300,perak
590,300,perunggu
1219,300,#4
1481,300,#6
3090,300,#7
2497,300,#8
2613,300,#9
4316,300,#10
2890,300,#11
3714,300,#14
229,300,#16
394,300,#17
3857,300,#18
4314,300,#19
1044,300,#20
4190,300,#21
4589,300,#25
2624,300,#30
3425,300,#31
2144,300,#32
3219,300,#33
5003,300,#36
4541,300,#39
3348,300,#42
758,300,#43
103,300,#44
3114,300,#45
4174,300,#48
2611,300,#50
2646,300,
4843,301,#7
4974,302,perak
4934,302,
4970,310,#11
4944,311,#5
5022,313,#11
4832,315,perunggu
4975,316,emas
4842,317,#5
4876,317,#12
4949,318,#14
4840,318,#16
4986,320,perunggu
4952,320,#12
4837,320,#16
5028,321,#8
4863,322,#7
4985,323,#13
4973,324,emas
4969,326,perunggu
4961,328,#5
